Cycle start time,Cycle end time,Cycle timezone,Sleep onset,Wake onset,Sleep performance %,Respiratory rate (rpm),Asleep duration (min),In bed duration (min),Light sleep duration (min),Deep (SWS) duration (min),REM duration (min),Awake duration (min),Sleep need (min),Sleep debt (min),Sleep efficiency %,Sleep consistency %,Nap
2026-02-10 22:32:47,,UTC-06:00,2026-02-10 22:32:47,2026-02-11 06:24:01,84,16.3,450,471,233,117,100,21,530,27,96,76,false
2026-02-09 22:02:42,2026-02-10 22:32:47,UTC-06:00,2026-02-09 22:02:42,2026-02-10 06:30:01,81,16.8,479,507,288,96,95,28,534,62,94,62,false
2026-02-08 22:52:40,2026-02-09 22:02:42,UTC-06:00,2026-02-08 22:52:40,2026-02-09 05:27:41,78,16.7,371,395,180,86,105,24,496,6,94,57,false
2026-02-08 00:19:08,2026-02-08 22:52:40,UTC-06:00,2026-02-08 00:19:08,2026-02-08 08:30:09,85,16.4,469,491,233,98,138,22,479,2,95,69,false
2026-02-06 23:54:07,2026-02-08 00:19:08,UTC-06:00,2026-02-06 23:54:07,2026-02-07 09:15:08,81,16.7,517,561,299,106,112,44,523,16,92,56,false
2026-02-05 22:30:05,2026-02-06 23:54:07,UTC-06:00,2026-02-05 22:30:05,2026-02-06 07:43:54,86,16.1,523,553,267,128,128,30,548,68,95,73,false
2026-02-04 21:41:30,2026-02-05 22:30:05,UTC-06:00,2026-02-04 21:41:30,2026-02-05 05:59:48,86,16.1,467,498,266,118,83,31,574,85,94,85,false
2026-02-03 22:38:47,2026-02-04 21:41:30,UTC-06:00,2026-02-03 22:38:47,2026-02-04 05:57:59,87,15.9,424,439,222,129,73,15,558,63,97,90,false
2026-02-02 22:26:01,2026-02-03 22:38:47,UTC-06:00,2026-02-02 22:26:01,2026-02-03 05:57:46,86,16.4,432,451,191,110,131,19,531,43,95,85,false
2026-02-01 22:17:57,2026-02-02 22:26:01,UTC-06:00,2026-02-01 22:17:57,2026-02-02 05:58:48,85,15.8,446,460,187,121,138,14,514,33,98,76,false
2026-01-31 22:49:26,2026-02-01 22:17:57,UTC-06:00,2026-01-31 22:49:26,2026-02-01 06:53:12,86,15.9,459,483,251,104,104,24,512,18,94,79,false
2026-01-30 23:39:22,2026-01-31 22:49:26,UTC-06:00,2026-01-30 23:39:22,2026-01-31 07:55:04,83,15.7,470,495,257,91,122,25,500,20,94,64,false
2026-01-29 22:25:20,2026-01-30 23:39:22,UTC-06:00,2026-01-29 22:25:20,2026-01-30 07:25:07,84,15.9,504,539,269,110,125,35,535,50,93,67,false
2026-01-28 21:11:20,2026-01-29 22:25:20,UTC-06:00,2026-01-28 21:11:20,2026-01-29 05:29:48,81,15.7,481,498,250,133,98,17,583,73,96,67,false
2026-01-27 23:10:18,2026-01-28 21:11:20,UTC-06:00,2026-01-27 23:10:18,2026-01-28 05:29:48,79,16.0,366,379,154,120,92,13,514,25,96,66,false
2026-01-26 21:54:01,2026-01-27 23:10:18,UTC-06:00,2026-01-26 21:54:01,2026-01-27 06:29:50,81,16.1,472,515,279,97,96,43,522,36,91,60,false
2026-01-25 22:07:17,2026-01-26 21:54:01,UTC-06:00,2026-01-25 22:07:17,2026-01-26 05:28:21,77,16.5,427,441,226,105,96,14,500,29,96,46,false
2026-01-25 01:59:16,2026-01-25 22:07:17,UTC-06:00,2026-01-25 01:59:16,2026-01-25 09:47:00,75,15.4,447,467,229,103,115,20,505,14,95,32,false
2026-01-23 22:41:15,2026-01-25 01:59:16,UTC-06:00,2026-01-23 22:41:15,2026-01-24 07:40:57,83,16.3,502,539,255,129,118,37,531,41,93,66,false
2026-01-22 21:13:43,2026-01-23 22:41:15,UTC-06:00,2026-01-22 21:13:43,2026-01-23 05:23:06,89,15.5,469,489,259,112,98,20,534,61,96,84,false
2026-01-21 21:51:43,2026-01-22 21:13:43,UTC-06:00,2026-01-21 21:51:43,2026-01-22 05:24:50,85,16.2,435,453,250,110,75,18,531,54,96,81,false
2026-01-20 22:23:08,2026-01-21 21:51:43,UTC-06:00,2026-01-20 22:23:08,2026-01-21 05:26:11,82,16.7,406,423,203,113,90,17,515,25,95,74,false
2026-01-19 22:46:36,2026-01-20 22:23:08,UTC-06:00,2026-01-19 22:46:36,2026-01-20 06:38:07,88,16.6,430,471,247,114,69,41,471,0,91,80,false
2026-01-18 21:05:04,2026-01-19 22:46:36,UTC-06:00,2026-01-18 21:05:04,2026-01-19 06:29:02,85,15.8,542,563,317,101,124,21,543,56,96,67,false
2026-01-17 23:45:32,2026-01-18 21:05:04,UTC-06:00,2026-01-17 23:45:32,2026-01-18 06:29:51,82,16.0,383,404,201,90,92,21,496,18,94,79,false
2026-01-16 23:28:31,2026-01-17 23:45:32,UTC-06:00,2026-01-16 23:28:31,2026-01-17 08:15:14,84,16.0,504,526,232,126,146,22,533,43,95,67,false
2026-01-15 22:13:19,2026-01-16 23:28:31,UTC-06:00,2026-01-15 22:13:19,2026-01-16 06:17:08,86,15.3,465,483,202,131,132,18,533,45,96,79,false
2026-01-14 22:29:18,2026-01-15 22:13:19,UTC-06:00,2026-01-14 22:29:18,2026-01-15 06:19:32,83,16.4,443,470,188,128,127,27,514,43,94,73,false
2026-01-14 00:01:46,2026-01-14 22:29:18,UTC-06:00,2026-01-14 00:01:46,2026-01-14 06:25:10,82,16.2,357,383,158,108,91,26,424,60,93,70,false
2026-01-12 23:13:47,2026-01-14 00:01:46,UTC-06:00,2026-01-13 07:10:00,2026-01-13 09:11:00,27,17.4,106,121,35,71,0,15,529,60,93,,true
2026-01-12 23:13:47,2026-01-14 00:01:46,UTC-06:00,2026-01-12 23:13:47,2026-01-13 07:02:51,63,18.2,409,469,224,83,102,60,530,31,87,80,false
2026-01-11 22:55:45,2026-01-12 23:13:47,UTC-06:00,2026-01-11 22:55:45,2026-01-12 06:26:46,83,16.1,430,451,238,91,101,21,494,0,95,73,false
2026-01-10 23:36:43,2026-01-11 22:55:45,UTC-06:00,2026-01-10 23:36:43,2026-01-11 09:12:57,82,16.2,539,576,255,125,159,37,535,64,93,57,false
2026-01-09 22:02:42,2026-01-10 23:36:43,UTC-06:00,2026-01-09 22:02:42,2026-01-10 05:52:42,85,16.4,421,470,217,123,81,49,521,50,89,82,false
2026-01-08 22:58:39,2026-01-09 22:02:42,UTC-06:00,2026-01-08 22:58:39,2026-01-09 06:30:09,91,16.0,432,451,258,102,72,19,510,39,95,93,false
2026-01-07 22:31:08,2026-01-08 22:58:39,UTC-06:00,2026-01-07 22:31:08,2026-01-08 06:43:38,92,16.5,465,492,267,96,102,27,527,47,94,89,false
2026-01-06 22:44:36,2026-01-07 22:31:08,UTC-06:00,2026-01-06 22:44:36,2026-01-07 07:00:27,88,16.3,470,495,249,122,99,25,544,50,94,83,false
2026-01-05 23:08:15,2026-01-06 22:44:36,UTC-06:00,2026-01-05 23:08:15,2026-01-06 06:29:38,84,16.4,419,441,225,124,70,22,498,18,95,76,false
2026-01-04 22:52:42,2026-01-05 23:08:15,UTC-06:00,2026-01-04 22:52:42,2026-01-05 06:40:25,82,16.5,441,467,237,87,117,26,471,0,94,62,false
2026-01-03 23:02:09,2026-01-04 22:52:42,UTC-06:00,2026-01-03 23:02:09,2026-01-04 09:15:11,80,16.1,581,613,307,111,163,32,557,82,94,48,false
2026-01-02 21:45:37,2026-01-03 23:02:09,UTC-06:00,2026-01-02 21:45:37,2026-01-03 04:29:38,74,15.8,373,404,216,85,72,31,538,66,92,45,false
2026-01-01 22:12:37,2026-01-02 21:45:37,UTC-06:00,2026-01-01 22:12:37,2026-01-02 04:29:08,73,16.5,360,376,163,120,77,16,492,20,95,35,false
2026-01-01 01:29:05,2026-01-01 22:12:37,UTC-06:00,2026-01-01 01:29:05,2026-01-01 10:18:47,79,17.0,483,529,238,115,130,46,524,36,91,63,false
2025-12-30 23:50:02,2026-01-01 01:29:05,UTC-06:00,2025-12-30 23:50:02,2025-12-31 07:45:26,82,15.6,450,475,226,118,106,25,524,33,95,69,false
2025-12-29 23:49:01,2025-12-30 23:50:02,UTC-06:00,2025-12-29 23:49:01,2025-12-30 08:09:40,83,16.5,477,500,271,103,103,23,530,59,95,69,false
2025-12-29 01:31:16,2025-12-29 23:49:01,UTC-06:00,2025-12-29 01:31:16,2025-12-29 08:52:33,82,16.6,415,441,210,113,92,26,507,36,94,70,false
2025-12-28 02:38:14,2025-12-29 01:31:16,UTC-06:00,2025-12-28 02:38:14,2025-12-28 10:46:45,78,16.6,451,488,240,101,110,37,525,29,92,48,false
2025-12-27 00:34:41,2025-12-28 02:38:14,UTC-06:00,2025-12-27 00:34:41,2025-12-27 08:52:43,85,16.5,483,498,263,104,116,15,529,31,96,74,false
2025-12-25 23:32:41,2025-12-27 00:34:41,UTC-06:00,2025-12-25 23:32:41,2025-12-26 07:57:42,90,16.3,493,505,203,150,140,12,541,60,98,85,false
2025-12-24 23:48:35,2025-12-25 23:32:41,UTC-06:00,2025-12-24 23:48:35,2025-12-25 07:15:04,86,16.3,422,446,220,117,85,24,517,34,94,83,false
2025-12-24 00:03:33,2025-12-24 23:48:35,UTC-06:00,2025-12-24 00:03:33,2025-12-24 08:51:15,82,16.8,490,527,243,128,119,37,544,70,93,66,false
2025-12-22 23:34:01,2025-12-24 00:03:33,UTC-06:00,2025-12-22 23:34:01,2025-12-23 07:00:02,83,16.8,426,446,208,110,108,20,536,44,95,76,false
2025-12-21 23:21:00,2025-12-22 23:34:01,UTC-06:00,2025-12-21 23:21:00,2025-12-22 06:58:29,81,16.6,428,457,194,124,110,29,497,16,93,64,false
2025-12-20 22:27:59,2025-12-21 23:21:00,UTC-06:00,2025-12-20 22:27:59,2025-12-21 06:59:46,79,16.6,500,511,238,131,131,11,526,55,97,49,false
2025-12-20 03:30:24,2025-12-20 22:27:59,UTC-06:00,2025-12-20 03:30:24,2025-12-20 09:59:29,48,17.1,363,389,160,93,110,26,473,1,93,42,false
2025-12-19 00:16:22,2025-12-20 03:30:24,UTC-06:00,2025-12-19 00:16:22,2025-12-19 08:27:27,86,16.3,468,491,277,91,100,23,471,0,95,69,false
2025-12-17 22:07:50,2025-12-19 00:16:22,UTC-06:00,2025-12-17 22:07:50,2025-12-18 09:13:00,84,16.2,605,665,343,132,130,60,512,40,90,63,false
2025-12-16 22:38:18,2025-12-17 22:07:50,UTC-06:00,2025-12-16 22:38:18,2025-12-17 06:53:57,85,16.0,486,495,178,145,163,9,550,79,98,77,false
2025-12-16 00:29:46,2025-12-16 22:38:18,UTC-06:00,2025-12-16 00:29:46,2025-12-16 06:55:16,82,15.3,371,385,170,142,59,14,529,44,96,78,false
2025-12-14 23:01:14,2025-12-16 00:29:46,UTC-06:00,2025-12-14 23:01:14,2025-12-15 07:00:06,83,16.5,445,478,211,132,102,33,514,43,93,70,false
2025-12-14 00:24:12,2025-12-14 23:01:14,UTC-06:00,2025-12-14 00:24:12,2025-12-14 09:07:59,80,16.5,477,523,231,117,129,46,564,82,91,64,false
2025-12-12 22:55:42,2025-12-14 00:24:12,UTC-06:00,2025-12-12 22:55:42,2025-12-13 06:25:57,84,16.3,425,450,142,144,139,25,554,68,94,81,false
2025-12-11 23:16:40,2025-12-12 22:55:42,UTC-06:00,2025-12-11 23:16:40,2025-12-12 06:58:18,85,16.1,442,461,189,130,123,19,548,77,95,82,false
2025-12-11 00:08:08,2025-12-11 23:16:40,UTC-06:00,2025-12-11 00:08:08,2025-12-11 06:53:10,82,16.2,381,405,172,113,96,24,536,37,94,78,false
2025-12-10 00:15:04,2025-12-11 00:08:08,UTC-06:00,2025-12-10 00:15:04,2025-12-10 08:03:05,82,15.7,433,468,213,89,131,35,508,37,92,68,false
2025-12-08 22:35:31,2025-12-10 00:15:04,UTC-06:00,2025-12-08 22:35:31,2025-12-09 07:06:33,83,16.2,480,511,259,101,120,31,538,49,94,68,false
2025-12-07 22:22:34,2025-12-08 22:35:31,UTC-06:00,2025-12-07 22:22:34,2025-12-08 05:58:36,78,16.8,431,456,212,109,110,25,530,58,94,56,false
2025-12-07 01:23:01,2025-12-07 22:22:34,UTC-06:00,2025-12-07 01:23:01,2025-12-07 08:44:18,80,16.1,401,441,217,104,80,40,518,21,90,67,false
2025-12-05 23:28:30,2025-12-07 01:23:01,UTC-06:00,2025-12-05 23:28:30,2025-12-06 09:12:20,85,16.0,551,583,253,137,161,32,584,64,94,71,false
2025-12-04 23:40:58,2025-12-05 23:28:30,UTC-06:00,2025-12-04 23:40:58,2025-12-05 05:59:59,80,16.8,358,379,193,85,80,21,487,16,94,70,false
2025-12-04 00:18:56,2025-12-04 23:40:58,UTC-06:00,2025-12-04 00:18:56,2025-12-04 09:00:57,83,16.0,482,522,275,92,115,40,516,25,92,64,false
2025-12-02 23:08:24,2025-12-04 00:18:56,UTC-06:00,2025-12-02 23:08:24,2025-12-03 06:51:32,87,16.1,438,463,230,109,99,25,478,3,94,79,false
2025-12-01 22:47:22,2025-12-02 23:08:24,UTC-06:00,2025-12-01 22:47:22,2025-12-02 06:53:29,84,16.8,473,486,213,121,139,13,480,5,97,68,false
2025-11-30 22:27:51,2025-12-01 22:47:22,UTC-06:00,2025-11-30 22:27:51,2025-12-01 06:58:52,82,16.1,484,511,245,127,112,27,495,21,94,56,false
2025-11-30 00:22:19,2025-11-30 22:27:51,UTC-06:00,2025-11-30 00:22:19,2025-11-30 09:17:26,92,16.2,508,535,259,116,133,27,542,70,95,,false
2025-11-29 01:55:48,2025-11-30 00:22:19,UTC-06:00,2025-11-29 01:55:48,2025-11-29 08:38:18,81,17.5,366,402,215,102,49,36,507,0,90,,false
2025-10-08 22:34:15,2025-10-10 00:00:00,UTC-05:00,2025-10-08 22:34:15,2025-10-09 08:17:16,85,16.1,546,577,326,114,106,31,536,41,94,67,false
2025-10-07 22:32:43,2025-10-08 22:34:15,UTC-05:00,2025-10-07 22:32:43,2025-10-08 05:59:43,80,16.1,426,444,225,93,108,18,509,33,96,60,false
2025-10-06 22:47:36,2025-10-07 22:32:43,UTC-05:00,2025-10-06 22:47:36,2025-10-07 06:59:27,79,16.9,457,491,263,109,85,34,525,50,96,53,false
2025-10-05 23:10:19,2025-10-06 22:47:36,UTC-05:00,2025-10-05 23:10:19,2025-10-06 07:03:50,76,16.3,434,473,214,129,91,39,536,60,92,44,false
2025-10-04 02:45:53,2025-10-05 02:04:00,UTC-05:00,2025-10-04 02:45:53,2025-10-04 10:10:54,74,16.3,416,443,204,81,131,27,537,65,93,39,false
2025-10-02 23:02:21,2025-10-04 02:45:53,UTC-05:00,2025-10-02 23:02:21,2025-10-03 07:30:14,89,16.5,472,503,242,112,118,31,574,50,94,89,false
2025-10-01 23:24:26,2025-10-02 23:02:21,UTC-05:00,2025-10-01 23:24:26,2025-10-02 07:49:49,85,16.1,457,503,254,105,98,46,558,54,90,82,false
2025-09-30 22:49:40,2025-10-01 23:24:26,UTC-05:00,2025-09-30 22:49:40,2025-10-01 06:57:04,89,16.7,453,484,223,122,108,31,538,36,93,88,false
2025-09-29 22:25:48,2025-09-30 22:49:40,UTC-05:00,2025-09-29 22:25:48,2025-09-30 07:03:28,88,16.8,489,512,246,102,141,23,546,62,95,81,false
2025-09-28 22:39:48,2025-09-29 22:25:48,UTC-05:00,2025-09-28 22:39:48,2025-09-29 07:07:42,85,16.6,479,499,249,105,125,20,576,76,96,79,false
2025-09-27 23:47:00,2025-09-28 22:39:48,UTC-05:00,2025-09-28 07:12:00,2025-09-28 07:30:00,26,15.5,15,18,12,3,0,3,546,76,85,,true
2025-09-27 23:47:00,2025-09-28 22:39:48,UTC-05:00,2025-09-27 23:47:00,2025-09-28 07:11:31,85,16.2,409,444,161,141,107,35,528,53,92,83,false
2025-09-27 00:18:58,2025-09-27 23:47:00,UTC-05:00,2025-09-27 00:18:58,2025-09-27 08:18:59,82,16.7,439,475,251,103,85,36,546,72,92,73,false
2025-09-25 23:09:55,2025-09-27 00:18:58,UTC-05:00,2025-09-25 23:09:55,2025-09-26 07:02:32,85,16.6,455,470,221,116,118,15,567,54,96,83,false
2025-09-24 23:46:11,2025-09-25 23:09:55,UTC-05:00,2025-09-24 23:46:11,2025-09-25 07:57:51,82,15.8,460,491,240,112,108,31,568,71,93,70,false
2025-09-23 22:39:09,2025-09-24 23:46:11,UTC-05:00,2025-09-23 22:39:09,2025-09-24 06:42:13,86,16.2,469,481,235,108,126,12,581,72,97,83,false
2025-09-22 22:28:22,2025-09-23 22:39:09,UTC-05:00,2025-09-22 22:28:22,2025-09-23 05:56:46,82,16.6,408,446,205,116,87,38,554,35,91,75,false
2025-09-21 22:38:59,2025-09-22 22:28:22,UTC-05:00,2025-09-21 22:38:59,2025-09-22 06:06:18,80,17.0,420,435,242,98,80,15,491,0,96,64,false
2025-09-20 23:22:55,2025-09-21 22:38:59,UTC-05:00,2025-09-20 23:22:55,2025-09-21 08:47:56,86,16.6,536,561,280,105,151,25,525,49,95,71,false
2025-09-20 00:13:24,2025-09-20 23:22:55,UTC-05:00,2025-09-20 00:13:24,2025-09-20 07:36:54,82,16.7,411,437,183,134,94,26,510,35,94,70,false
2025-09-18 21:31:05,2025-09-20 00:13:24,UTC-05:00,2025-09-18 21:31:05,2025-09-19 06:16:36,82,15.9,501,524,273,134,94,23,571,58,95,66,false
2025-09-17 23:33:39,2025-09-18 21:31:05,UTC-05:00,2025-09-17 23:33:39,2025-09-18 07:59:11,82,15.8,475,499,251,122,102,24,591,94,95,71,false
2025-09-16 22:53:38,2025-09-17 23:33:39,UTC-05:00,2025-09-16 22:53:38,2025-09-17 06:42:34,85,16.5,442,462,204,125,113,20,589,77,96,86,false
2025-09-15 22:58:57,2025-09-16 22:53:38,UTC-05:00,2025-09-15 22:58:57,2025-09-16 06:32:02,84,16.4,421,447,234,100,87,26,541,69,94,82,false
2025-09-14 21:43:55,2025-09-15 22:58:57,UTC-05:00,2025-09-14 21:43:55,2025-09-15 06:36:56,83,17.1,502,528,265,119,118,26,640,98,94,77,false
2025-09-13 22:07:57,2025-09-14 21:43:55,UTC-05:00,2025-09-13 22:07:57,2025-09-14 04:41:27,77,16.6,369,393,220,71,78,24,565,93,93,72,false
2025-09-12 23:12:54,2025-09-13 22:07:57,UTC-05:00,2025-09-12 23:12:54,2025-09-13 06:31:04,85,17.1,425,436,251,97,77,11,571,93,97,87,false
2025-09-11 23:03:16,2025-09-12 23:12:54,UTC-05:00,2025-09-11 23:03:16,2025-09-12 05:50:17,84,16.2,390,407,199,106,85,17,534,34,95,83,false
2025-09-10 22:00:29,2025-09-11 23:03:16,UTC-05:00,2025-09-10 22:00:29,2025-09-11 06:55:59,88,16.5,508,533,286,94,128,25,562,78,95,82,false
2025-09-09 22:41:43,2025-09-10 22:00:29,UTC-05:00,2025-09-09 22:41:43,2025-09-10 06:22:44,86,16.8,444,458,231,97,116,14,567,77,96,86,false
2025-09-08 22:38:21,2025-09-09 22:41:43,UTC-05:00,2025-09-08 22:38:21,2025-09-09 06:25:54,83,16.9,454,467,216,145,93,13,574,68,97,78,false
2025-09-07 23:00:15,2025-09-08 22:38:21,UTC-05:00,2025-09-07 23:00:15,2025-09-08 06:47:15,83,16.4,433,464,245,101,87,31,540,60,93,77,false
2025-09-07 00:28:12,2025-09-07 23:00:15,UTC-05:00,2025-09-07 00:28:12,2025-09-07 06:51:44,80,16.7,367,381,161,91,115,14,488,16,96,69,false
2025-09-05 23:26:41,2025-09-07 00:28:12,UTC-05:00,2025-09-05 23:26:41,2025-09-06 09:22:42,84,16.1,556,596,294,106,156,40,582,61,93,67,false
2025-09-04 22:31:34,2025-09-05 23:26:41,UTC-05:00,2025-09-04 22:31:34,2025-09-05 06:22:05,83,16.5,449,470,280,105,64,21,544,39,95,74,false
2025-09-03 23:35:09,2025-09-04 22:31:34,UTC-05:00,2025-09-03 23:35:09,2025-09-04 08:09:05,84,16.7,484,510,242,99,143,26,546,41,94,73,false
2025-09-02 22:44:37,2025-09-03 23:35:09,UTC-05:00,2025-09-02 22:44:37,2025-09-03 07:02:54,81,16.7,473,494,239,124,110,21,556,65,95,65,false
2025-09-01 23:18:01,2025-09-02 22:44:37,UTC-05:00,2025-09-01 23:18:01,2025-09-02 05:44:53,77,16.5,355,386,178,71,106,31,485,2,91,56,false
2025-08-31 23:19:59,2025-09-01 23:18:01,UTC-05:00,2025-08-31 23:19:59,2025-09-01 09:44:40,83,16.3,576,624,362,114,100,48,579,108,92,59,false
2025-08-31 02:53:58,2025-08-31 23:19:59,UTC-05:00,2025-08-31 02:53:58,2025-08-31 09:11:14,66,17.3,354,372,160,117,77,18,571,50,95,40,false
2025-08-29 23:37:17,2025-08-31 02:53:58,UTC-05:00,2025-08-29 23:37:17,2025-08-30 06:44:18,85,16.3,409,427,185,111,113,18,509,57,95,82,false
2025-08-28 22:14:15,2025-08-29 23:37:17,UTC-05:00,2025-08-29 05:55:00,2025-08-29 06:28:00,18,15.4,20,33,5,15,0,13,527,57,72,,true
2025-08-28 22:14:15,2025-08-29 23:37:17,UTC-05:00,2025-08-28 22:14:15,2025-08-29 05:53:17,83,16.5,443,455,277,79,87,12,558,51,97,77,false
2025-08-27 23:51:04,2025-08-28 22:14:15,UTC-05:00,2025-08-27 23:51:04,2025-08-28 07:22:04,82,16.5,415,447,262,93,60,32,519,36,92,72,false
2025-08-26 21:55:02,2025-08-27 23:51:04,UTC-05:00,2025-08-26 21:55:02,2025-08-27 06:23:33,87,16.8,479,505,283,106,90,26,536,21,94,81,false
2025-08-25 22:26:54,2025-08-26 21:55:02,UTC-05:00,2025-08-25 22:26:54,2025-08-26 07:05:12,88,16.1,498,518,308,90,100,20,531,41,96,78,false
2025-08-24 21:51:51,2025-08-25 22:26:54,UTC-05:00,2025-08-24 21:51:51,2025-08-25 05:58:54,83,16.9,461,487,289,123,49,26,543,41,94,71,false
2025-08-23 23:11:20,2025-08-24 21:51:51,UTC-05:00,2025-08-23 23:11:20,2025-08-24 07:49:54,92,16.3,483,518,226,119,138,35,547,75,93,92,false
2025-08-22 23:13:48,2025-08-23 23:11:20,UTC-05:00,2025-08-22 23:13:48,2025-08-23 08:08:07,87,15.8,486,532,280,102,104,46,604,70,91,86,false
2025-08-21 23:45:20,2025-08-22 23:13:48,UTC-05:00,2025-08-21 23:45:20,2025-08-22 07:31:51,87,16.2,437,463,225,106,106,26,547,39,94,87,false
2025-08-20 23:08:18,2025-08-21 23:45:20,UTC-05:00,2025-08-20 23:08:18,2025-08-21 07:27:21,87,16.5,470,498,233,120,117,28,531,28,94,82,false
2025-08-19 22:33:44,2025-08-20 23:08:18,UTC-05:00,2025-08-19 22:33:44,2025-08-20 07:16:15,83,16.3,504,520,278,129,97,16,562,47,97,69,false
2025-08-18 23:36:12,2025-08-19 22:33:44,UTC-05:00,2025-08-18 23:36:12,2025-08-19 07:29:10,83,16.1,459,472,255,94,110,13,555,99,97,74,false
2025-08-17 23:46:40,2025-08-18 23:36:12,UTC-05:00,2025-08-18 15:12:00,2025-08-18 15:35:00,16,16.1,14,23,5,9,0,9,549,99,76,,true
2025-08-17 23:46:40,2025-08-18 23:36:12,UTC-05:00,2025-08-18 05:32:00,2025-08-18 06:00:00,28,15.9,22,28,5,17,0,6,569,99,100,,true
2025-08-17 23:46:40,2025-08-18 23:36:12,UTC-05:00,2025-08-17 23:46:40,2025-08-18 05:31:41,73,15.6,331,344,142,121,68,13,529,33,96,60,false
2025-08-17 00:39:09,2025-08-17 23:46:40,UTC-05:00,2025-08-17 00:39:09,2025-08-17 08:54:46,85,15.9,468,489,268,105,95,21,535,46,96,76,false
2025-08-16 00:36:07,2025-08-17 00:39:09,UTC-05:00,2025-08-16 00:36:07,2025-08-16 08:38:37,81,15.6,462,482,279,96,87,20,556,30,95,68,false
2025-08-14 23:29:09,2025-08-16 00:36:07,UTC-05:00,2025-08-14 23:29:09,2025-08-15 07:40:40,86,15.5,463,481,236,118,109,18,523,0,96,79,false
2025-08-13 22:28:07,2025-08-14 23:29:09,UTC-05:00,2025-08-13 22:28:07,2025-08-14 07:36:52,92,15.2,514,539,299,117,98,25,506,4,95,80,false
2025-08-12 22:14:14,2025-08-13 22:28:07,UTC-05:00,2025-08-12 22:14:14,2025-08-13 06:25:31,85,15.9,464,487,296,87,81,23,473,41,95,69,false
2025-08-11 23:09:13,2025-08-12 22:14:14,UTC-05:00,2025-08-12 07:57:00,2025-08-12 08:57:00,26,14.5,51,60,11,40,0,9,511,41,96,,true
2025-08-11 23:09:13,2025-08-12 22:14:14,UTC-05:00,2025-08-11 23:09:13,2025-08-12 07:47:28,85,16.1,480,512,210,158,112,32,563,49,93,79,false
2025-08-10 22:30:37,2025-08-11 23:09:13,UTC-05:00,2025-08-10 22:30:37,2025-08-11 06:01:38,88,15.6,428,447,180,104,144,19,505,33,95,85,false
2025-08-09 22:07:36,2025-08-10 22:30:37,UTC-05:00,2025-08-09 22:07:36,2025-08-10 07:01:37,88,16.4,494,532,212,140,142,38,547,66,92,82,false
2025-08-08 23:09:32,2025-08-09 22:07:36,UTC-05:00,2025-08-08 23:09:32,2025-08-09 07:33:31,83,15.6,466,503,212,129,125,37,599,71,92,78,false
2025-08-07 22:32:10,2025-08-08 23:09:32,UTC-05:00,2025-08-07 22:32:10,2025-08-08 06:00:37,87,15.6,431,444,261,108,62,13,543,39,97,87,false
2025-08-06 22:57:38,2025-08-07 22:32:10,UTC-05:00,2025-08-06 22:57:38,2025-08-07 06:04:12,85,15.8,402,417,216,98,88,15,481,1,96,78,false
2025-08-05 21:53:42,2025-08-06 22:57:38,UTC-05:00,2025-08-05 21:53:42,2025-08-06 07:30:05,88,15.9,549,570,276,129,144,21,551,37,96,74,false
2025-08-04 22:25:40,2025-08-05 21:53:42,UTC-05:00,2025-08-04 22:25:40,2025-08-05 06:09:41,84,16.5,448,462,242,78,128,14,522,38,96,74,false
2025-08-03 22:22:38,2025-08-04 22:25:40,UTC-05:00,2025-08-04 13:08:00,2025-08-04 13:39:00,26,17.9,25,31,4,21,0,6,532,38,99,,true
2025-08-03 22:22:38,2025-08-04 22:25:40,UTC-05:00,2025-08-03 22:22:38,2025-08-04 06:27:39,83,15.9,445,471,248,114,83,26,523,51,94,72,false
2025-08-03 00:09:36,2025-08-03 22:22:38,UTC-05:00,2025-08-03 00:09:36,2025-08-03 08:28:07,81,15.5,453,498,219,103,131,45,556,46,90,68,false
2025-08-01 22:45:44,2025-08-03 00:09:36,UTC-05:00,2025-08-01 22:45:44,2025-08-02 07:03:56,85,16.2,480,498,257,121,102,18,572,57,96,79,false
2025-07-31 23:43:43,2025-08-01 22:45:44,UTC-05:00,2025-07-31 23:43:43,2025-08-01 06:20:44,80,16.3,374,395,193,106,75,21,489,0,94,67,false
2025-07-30 22:08:41,2025-07-31 23:43:43,UTC-05:00,2025-07-30 22:08:41,2025-07-31 09:05:32,87,15.6,623,654,371,109,143,31,524,24,95,71,false
2025-07-29 21:45:15,2025-07-30 22:08:41,UTC-05:00,2025-07-29 21:45:15,2025-07-30 06:40:09,86,15.9,496,527,302,89,105,31,545,26,94,77,false
2025-07-28 22:29:13,2025-07-29 21:45:15,UTC-05:00,2025-07-28 22:29:13,2025-07-29 07:03:03,88,15.9,470,511,251,108,111,41,512,14,92,80,false
2025-07-27 22:26:37,2025-07-28 22:29:13,UTC-05:00,2025-07-27 22:26:37,2025-07-28 06:17:08,84,15.8,447,468,276,88,83,21,476,0,95,67,false
2025-07-26 23:01:35,2025-07-27 22:26:37,UTC-05:00,2025-07-26 23:01:35,2025-07-27 09:04:54,93,15.4,551,599,366,122,63,48,476,0,91,82,false
2025-07-25 22:19:34,2025-07-26 23:01:35,UTC-05:00,2025-07-25 22:19:34,2025-07-26 08:32:00,95,15.5,571,612,331,139,101,41,471,0,93,85,false
2025-07-24 23:15:31,2025-07-25 22:19:34,UTC-05:00,2025-07-24 23:15:31,2025-07-25 08:19:08,89,17.1,499,543,287,103,109,44,471,0,91,75,false
2025-07-23 22:05:00,2025-07-24 23:15:31,UTC-05:00,2025-07-23 22:05:00,2025-07-24 08:33:43,84,17.2,555,628,303,116,136,73,518,46,88,70,false
2025-07-22 22:09:58,2025-07-23 22:05:00,UTC-05:00,2025-07-22 22:09:58,2025-07-23 06:19:25,82,15.2,452,489,213,136,103,37,525,30,92,68,false
2025-07-21 22:57:54,2025-07-22 22:09:58,UTC-05:00,2025-07-21 22:57:54,2025-07-22 07:00:04,84,16.0,456,482,244,96,116,26,504,0,94,72,false
2025-07-20 22:23:54,2025-07-21 22:57:54,UTC-05:00,2025-07-20 22:23:54,2025-07-21 07:15:04,81,16.6,509,531,287,106,116,22,494,74,95,52,false
2025-07-20 00:53:23,2025-07-20 22:23:54,UTC-05:00,2025-07-20 15:12:00,2025-07-20 15:42:00,19,17.6,12,30,1,11,0,18,505,74,83,,true
2025-07-20 00:53:23,2025-07-20 22:23:54,UTC-05:00,2025-07-20 12:07:00,2025-07-20 13:07:00,9,15.6,39,60,14,25,0,21,545,74,65,,true
2025-07-20 00:53:23,2025-07-20 22:23:54,UTC-05:00,2025-07-20 00:53:23,2025-07-20 08:29:37,79,16.9,423,456,226,102,95,33,571,91,92,66,false
2025-07-19 00:07:21,2025-07-20 00:53:23,UTC-05:00,2025-07-19 00:07:21,2025-07-19 06:59:23,79,16.4,389,412,246,82,61,23,573,87,94,73,false
2025-07-17 23:14:48,2025-07-19 00:07:21,UTC-05:00,2025-07-17 23:14:48,2025-07-18 05:29:34,79,15.6,350,374,198,109,43,24,525,24,93,73,false
2025-07-16 23:03:18,2025-07-17 23:14:48,UTC-05:00,2025-07-16 23:03:18,2025-07-17 07:49:10,88,16.5,485,525,300,138,47,40,523,26,92,79,false
2025-07-15 22:44:16,2025-07-16 23:03:18,UTC-05:00,2025-07-15 22:44:16,2025-07-16 07:52:26,84,16.1,527,548,291,109,127,21,567,78,96,69,false
2025-07-14 22:12:45,2025-07-15 22:44:16,UTC-05:00,2025-07-14 22:12:45,2025-07-15 04:58:51,77,16.8,379,406,222,90,67,27,536,56,93,60,false
2025-07-13 22:55:13,2025-07-14 22:12:45,UTC-05:00,2025-07-13 22:55:13,2025-07-14 06:55:24,83,16.3,435,476,230,110,95,41,524,29,91,72,false
2025-07-12 21:38:02,2025-07-13 22:55:13,UTC-05:00,2025-07-12 21:38:02,2025-07-13 06:28:52,79,15.6,510,530,307,98,105,20,568,77,96,52,false
2025-07-12 01:49:30,2025-07-12 21:38:02,UTC-05:00,2025-07-12 01:49:30,2025-07-12 08:49:03,74,17.1,402,419,179,102,121,17,556,58,95,56,false
2025-07-10 23:16:57,2025-07-12 01:49:30,UTC-05:00,2025-07-10 23:16:57,2025-07-11 07:32:12,88,15.9,455,489,294,110,51,34,546,48,93,86,false
2025-07-09 23:28:26,2025-07-10 23:16:57,UTC-05:00,2025-07-09 23:28:26,2025-07-10 06:59:57,86,16.4,428,449,212,140,76,21,503,15,95,80,false
2025-07-08 22:34:03,2025-07-09 23:28:26,UTC-05:00,2025-07-08 22:34:03,2025-07-09 08:00:25,84,16.3,520,554,266,134,120,34,544,55,93,68,false
2025-07-07 23:00:03,2025-07-08 22:34:03,UTC-05:00,2025-07-07 23:00:03,2025-07-08 06:26:04,80,16.4,427,446,245,108,74,19,538,52,95,67,false
2025-07-06 23:15:59,2025-07-07 23:00:03,UTC-05:00,2025-07-06 23:15:59,2025-07-07 06:33:31,79,16.9,412,433,187,148,77,21,517,26,95,62,false
2025-07-06 01:56:57,2025-07-06 23:15:59,UTC-05:00,2025-07-06 01:56:57,2025-07-06 09:23:40,80,17.5,418,442,209,104,105,24,472,0,94,59,false
2025-07-04 23:37:15,2025-07-06 01:56:57,UTC-05:00,2025-07-04 23:37:15,2025-07-05 09:30:16,86,17.0,557,589,299,116,142,32,508,36,94,69,false
2025-07-03 23:34:29,2025-07-04 23:37:15,UTC-05:00,2025-07-03 23:34:29,2025-07-04 07:16:00,86,17.1,431,458,198,129,104,27,503,21,94,,false
2025-07-02 22:45:50,2025-07-03 23:34:29,UTC-05:00,2025-07-02 22:45:50,2025-07-03 07:05:25,90,16.1,464,486,240,97,127,22,507,0,95,,false
2022-02-22 23:35:13,2022-02-23 23:20:30,UTC-06:00,2022-02-22 23:35:13,2022-02-23 07:03:10,68,17.3,379,447,185,78,116,68,560,62,85,71,false
2022-02-21 23:20:30,2022-02-22 23:35:13,UTC-06:00,2022-02-21 23:20:30,2022-02-22 07:30:21,74,17.1,437,489,246,102,89,52,589,66,89,60,false
2022-02-20 23:57:14,2022-02-21 23:20:30,UTC-06:00,2022-02-20 23:57:14,2022-02-21 06:00:35,72,17.0,346,363,187,63,96,17,481,0,96,58,false
2022-02-19 21:30:11,2022-02-20 23:57:14,UTC-06:00,2022-02-19 21:30:11,2022-02-20 09:41:32,100,17.5,640,731,452,92,96,91,608,126,89,43,false
2022-02-19 03:46:18,2022-02-19 21:30:11,UTC-06:00,2022-02-19 03:46:18,2022-02-19 08:30:01,47,16.6,257,283,114,66,77,26,547,57,91,52,false
2022-02-18 00:08:07,2022-02-19 03:46:18,UTC-06:00,2022-02-18 00:08:07,2022-02-18 08:30:14,76,17.0,448,502,309,57,82,54,592,98,89,79,false
2022-02-17 00:20:27,2022-02-18 00:08:07,UTC-06:00,2022-02-17 00:20:27,2022-02-17 06:00:00,59,17.5,310,340,146,73,91,30,529,39,93,80,false
2022-02-16 00:09:13,2022-02-17 00:20:27,UTC-06:00,2022-02-16 00:09:13,2022-02-16 07:59:17,87,17.3,420,469,204,99,117,49,484,0,91,87,false
2022-02-14 23:07:55,2022-02-16 00:09:13,UTC-06:00,2022-02-14 23:07:55,2022-02-15 07:18:09,100,16.8,443,490,278,89,76,47,187,52,90,60,false
2022-02-13 16:30:29,2022-02-14 23:07:55,UTC-06:00,2022-02-14 00:27:00,2022-02-14 07:59:46,57,17.4,394,452,224,96,74,58,691,210,87,,true
2022-02-11 23:40:01,2022-02-13 16:30:29,UTC-06:00,2022-02-11 23:40:01,2022-02-12 07:55:37,83,17.5,465,495,293,93,79,30,559,78,94,80,false
2022-02-11 00:23:27,2022-02-11 23:40:01,UTC-06:00,2022-02-11 00:23:27,2022-02-11 06:58:25,67,17.4,356,394,188,98,70,38,532,49,90,74,false
2022-02-09 22:18:13,2022-02-11 00:23:27,UTC-06:00,2022-02-09 22:18:13,2022-02-10 06:56:46,84,17.6,452,515,298,97,57,63,541,57,88,75,false
2022-02-09 00:30:31,2022-02-09 22:18:13,UTC-06:00,2022-02-09 00:30:31,2022-02-09 08:00:30,76,17.1,410,450,273,89,48,40,542,39,91,79,false
2022-02-07 22:59:49,2022-02-09 00:30:31,UTC-06:00,2022-02-07 22:59:49,2022-02-08 07:41:07,87,17.1,476,521,300,107,69,45,548,30,91,74,false
2022-02-06 23:56:47,2022-02-07 22:59:49,UTC-06:00,2022-02-06 23:56:47,2022-02-07 07:59:51,90,17.0,435,483,280,87,68,48,484,3,90,72,false
2022-02-06 00:29:24,2022-02-06 23:56:47,UTC-06:00,2022-02-06 00:29:24,2022-02-06 09:23:04,99,16.6,477,529,344,66,67,52,484,3,90,65,false
2022-02-04 23:23:04,2022-02-06 00:29:24,UTC-06:00,2022-02-04 23:23:04,2022-02-05 08:34:14,99,16.9,466,547,305,90,71,81,469,81,87,60,false
2022-02-04 01:08:18,2022-02-04 23:23:04,UTC-06:00,2022-02-04 13:42:03,2022-02-04 15:29:56,18,17.8,100,108,93,0,7,8,562,81,92,,true
2022-02-04 01:08:18,2022-02-04 23:23:04,UTC-06:00,2022-02-04 01:08:18,2022-02-04 08:06:22,66,17.1,350,418,259,74,17,68,530,46,83,64,false
2022-02-02 22:27:33,2022-02-04 01:08:18,UTC-06:00,2022-02-02 22:27:33,2022-02-03 08:00:35,85,17.3,509,572,339,110,60,63,599,74,89,74,false
2022-02-01 23:13:29,2022-02-02 22:27:33,UTC-06:00,2022-02-01 23:13:29,2022-02-02 06:02:49,69,17.5,359,406,267,70,22,47,524,43,88,73,false
2022-01-31 23:05:10,2022-02-01 23:13:29,UTC-06:00,2022-01-31 23:05:10,2022-02-01 08:02:44,86,17.2,485,531,350,92,43,46,564,49,91,67,false
2022-01-30 22:01:22,2022-01-31 23:05:10,UTC-06:00,2022-01-30 22:01:22,2022-01-31 06:00:27,84,17.3,456,478,232,106,118,22,545,64,95,60,false
2022-01-30 00:59:51,2022-01-30 22:01:22,UTC-06:00,2022-01-30 00:59:51,2022-01-30 07:38:38,73,17.8,366,396,214,108,44,30,501,110,92,61,false
2022-01-29 01:39:41,2022-01-30 00:59:51,UTC-06:00,2022-01-29 14:21:37,2022-01-29 16:05:37,15,17.8,90,103,63,22,5,13,590,110,89,,true
2022-01-29 01:39:41,2022-01-30 00:59:51,UTC-06:00,2022-01-29 01:39:41,2022-01-29 07:59:47,54,17.5,294,380,183,78,33,86,541,36,77,62,false
2022-01-27 23:25:24,2022-01-29 01:39:41,UTC-06:00,2022-01-27 23:25:24,2022-01-28 07:59:43,88,17.0,461,514,297,95,69,53,525,27,90,74,false
2022-01-26 21:30:25,2022-01-27 23:25:24,UTC-06:00,2022-01-26 21:30:25,2022-01-27 07:56:59,91,16.9,531,613,286,120,125,82,582,57,87,72,false
2022-01-25 22:48:25,2022-01-26 21:30:25,UTC-06:00,2022-01-25 22:48:25,2022-01-26 06:15:27,76,17.6,389,446,199,89,101,57,514,12,87,68,false
2022-01-24 21:47:24,2022-01-25 22:48:25,UTC-06:00,2022-01-24 21:47:24,2022-01-25 08:09:59,96,16.8,553,622,391,97,65,69,576,55,88,63,false
2022-01-23 21:41:46,2022-01-24 21:47:24,UTC-06:00,2022-01-23 21:41:46,2022-01-24 06:00:29,77,17.3,432,497,306,95,31,65,558,71,86,55,false
2022-01-23 01:28:39,2022-01-23 21:41:46,UTC-06:00,2022-01-23 01:28:39,2022-01-23 08:17:17,70,16.6,366,409,258,73,35,43,520,36,89,47,false
2022-01-22 00:23:11,2022-01-23 01:28:39,UTC-06:00,2022-01-22 00:23:11,2022-01-22 09:54:40,88,16.4,513,571,300,112,101,58,582,66,90,45,false
2022-01-20 21:58:08,2022-01-22 00:23:11,UTC-06:00,2022-01-20 21:58:08,2022-01-21 05:46:21,72,17.1,393,466,284,81,28,73,544,47,84,75,false
2022-01-19 22:37:07,2022-01-20 21:58:08,UTC-06:00,2022-01-19 22:37:07,2022-01-20 07:09:49,80,16.3,440,513,288,107,45,73,550,39,86,62,false
2022-01-18 21:14:43,2022-01-19 22:37:07,UTC-06:00,2022-01-18 21:14:43,2022-01-19 06:29:44,87,16.5,489,555,353,102,34,66,564,64,88,45,false
2022-01-17 23:59:36,2022-01-18 21:14:43,UTC-06:00,2022-01-17 23:59:36,2022-01-18 07:16:12,73,17.1,398,435,257,79,62,37,543,27,92,71,false
2022-01-17 00:44:29,2022-01-17 23:59:36,UTC-06:00,2022-01-17 00:44:29,2022-01-17 09:03:04,91,16.8,454,498,257,100,97,44,498,86,91,60,false
2022-01-16 03:15:21,2022-01-17 00:44:29,UTC-06:00,2022-01-16 16:19:54,2022-01-16 17:44:21,12,17.7,69,84,40,29,0,15,567,86,94,,true
2022-01-16 03:15:21,2022-01-17 00:44:29,UTC-06:00,2022-01-16 03:15:21,2022-01-16 09:02:04,64,17.9,318,346,172,83,63,28,495,12,91,55,false
2022-01-14 23:09:18,2022-01-16 03:15:21,UTC-06:00,2022-01-14 23:09:18,2022-01-15 08:30:55,96,16.8,522,562,329,95,98,40,542,47,92,69,false
2022-01-13 23:59:27,2022-01-14 23:09:18,UTC-06:00,2022-01-13 23:59:27,2022-01-14 07:35:40,80,16.6,419,456,280,101,38,37,522,27,92,78,false
2022-01-13 00:00:33,2022-01-13 23:59:27,UTC-06:00,2022-01-13 00:00:33,2022-01-13 09:58:45,91,17.1,537,591,358,86,93,54,588,88,90,72,false
2022-01-12 02:46:35,2022-01-13 00:00:33,UTC-06:00,2022-01-12 02:46:35,2022-01-12 08:53:11,63,17.3,337,367,229,69,39,30,533,27,91,74,false
2022-01-11 00:38:45,2022-01-12 02:46:35,UTC-06:00,2022-01-11 00:38:45,2022-01-11 08:59:37,91,16.8,458,499,314,99,45,41,504,21,92,81,false
2022-01-10 00:45:32,2022-01-11 00:38:45,UTC-06:00,2022-01-10 00:45:32,2022-01-10 10:00:23,93,16.4,501,551,386,64,51,50,542,59,91,76,false
2022-01-09 01:56:05,2022-01-10 00:45:32,UTC-06:00,2022-01-09 01:56:05,2022-01-09 08:59:26,75,17.3,390,423,219,106,65,33,519,35,92,73,false
2022-01-08 01:01:41,2022-01-09 01:56:05,UTC-06:00,2022-01-08 01:01:41,2022-01-08 08:57:31,85,16.4,431,475,276,94,61,44,505,0,91,66,false
2022-01-05 21:21:03,2022-01-06 21:30:00,UTC-07:00,2022-01-05 21:21:03,2022-01-06 07:28:50,100,16.9,519,607,360,97,62,88,490,9,85,83,false
2022-01-04 21:57:41,2022-01-05 21:21:03,UTC-07:00,2022-01-04 21:57:41,2022-01-05 07:05:20,96,17.6,466,548,300,102,64,82,484,0,87,76,false
2022-01-03 22:16:12,2022-01-04 21:57:41,UTC-07:00,2022-01-03 22:16:12,2022-01-04 08:29:28,100,17.1,520,613,373,109,38,93,488,0,84,,false
2022-01-02 21:42:12,2022-01-03 22:16:12,UTC-07:00,2022-01-02 21:42:12,2022-01-03 07:24:38,100,16.9,539,579,376,108,55,40,536,52,93,,false
2022-01-01 22:24:43,2022-01-02 22:42:12,UTC-06:00,2022-01-01 22:24:43,2022-01-02 05:59:53,78,17.6,406,455,223,69,114,49,520,0,89,,false
2021-11-29 23:38:59,2021-11-30 23:21:43,UTC-06:00,2021-11-29 23:38:59,2021-11-30 07:00:24,73,16.3,373,441,255,56,62,68,514,24,84,70,false
2021-11-28 23:21:43,2021-11-29 23:38:59,UTC-06:00,2021-11-28 23:21:43,2021-11-29 07:59:46,92,16.8,456,518,237,80,139,62,494,12,88,60,false
2021-11-28 00:58:06,2021-11-28 23:21:43,UTC-06:00,2021-11-28 00:58:06,2021-11-28 09:46:33,96,16.3,472,528,274,95,103,56,489,0,89,52,false
2021-11-26 23:55:18,2021-11-28 00:58:06,UTC-06:00,2021-11-26 23:55:18,2021-11-27 08:23:24,100,15.1,475,507,218,100,157,32,405,71,94,43,false
2021-11-25 22:52:07,2021-11-26 23:55:18,UTC-06:00,2021-11-26 14:20:20,2021-11-26 17:45:06,29,18.5,161,205,113,42,6,44,566,71,78,,true
2021-11-25 22:52:07,2021-11-26 23:55:18,UTC-06:00,2021-11-25 22:52:07,2021-11-26 05:56:37,70,17.8,377,424,270,73,34,47,538,52,89,67,false
2021-11-25 00:12:06,2021-11-25 22:52:07,UTC-06:00,2021-11-25 00:12:06,2021-11-25 09:39:49,83,17.1,462,567,272,109,81,105,554,55,81,68,false
2021-11-23 23:27:18,2021-11-25 00:12:06,UTC-06:00,2021-11-23 23:27:18,2021-11-24 08:10:16,82,16.9,477,520,213,109,155,43,583,74,94,68,false
2021-11-22 23:07:14,2021-11-23 23:27:18,UTC-06:00,2021-11-22 23:07:14,2021-11-23 06:18:54,69,17.4,383,430,234,77,72,47,554,52,89,60,false
2021-11-21 23:48:57,2021-11-22 23:07:14,UTC-06:00,2021-11-21 23:48:57,2021-11-22 07:19:08,78,16.8,406,447,243,68,95,41,521,27,91,62,false
2021-11-21 00:13:49,2021-11-21 23:48:57,UTC-06:00,2021-11-21 00:13:49,2021-11-21 09:45:24,91,17.4,516,572,234,140,142,56,566,59,90,54,false
2021-11-20 03:19:23,2021-11-21 00:13:49,UTC-06:00,2021-11-20 03:19:23,2021-11-20 10:35:03,75,17.1,367,435,223,79,65,68,489,59,85,28,false
2021-11-18 23:13:20,2021-11-20 03:19:23,UTC-06:00,2021-11-19 16:21:37,2021-11-19 17:35:19,12,17.7,66,73,49,17,0,7,545,59,90,,true
2021-11-18 23:13:20,2021-11-20 03:19:23,UTC-06:00,2021-11-18 23:13:20,2021-11-19 07:34:17,75,16.3,456,493,329,73,54,37,608,69,93,86,false
2021-11-18 00:16:09,2021-11-18 23:13:20,UTC-06:00,2021-11-18 00:16:09,2021-11-18 07:16:57,71,16.8,388,420,212,78,98,32,548,52,92,77,false
2021-11-16 22:52:10,2021-11-18 00:16:09,UTC-06:00,2021-11-16 22:52:10,2021-11-17 07:22:26,83,16.8,456,507,231,101,124,51,553,59,90,74,false
2021-11-15 23:37:50,2021-11-16 22:52:10,UTC-06:00,2021-11-15 23:37:50,2021-11-16 06:59:53,75,17.1,380,442,210,80,90,62,506,3,86,68,false
2021-11-14 20:59:07,2021-11-15 23:37:50,UTC-06:00,2021-11-14 20:59:07,2021-11-15 07:00:00,99,17.1,541,600,311,105,125,59,549,64,90,58,false
2021-11-14 00:16:56,2021-11-14 20:59:07,UTC-06:00,2021-11-14 00:16:56,2021-11-14 08:14:22,73,17.3,426,477,261,83,82,51,586,91,89,69,false
2021-11-13 01:38:10,2021-11-14 00:16:56,UTC-06:00,2021-11-13 01:38:10,2021-11-13 08:50:59,62,16.8,359,430,224,83,52,71,576,70,85,54,false
2021-11-11 22:17:07,2021-11-13 01:38:10,UTC-06:00,2021-11-11 22:17:07,2021-11-12 07:01:30,77,17.1,449,522,230,105,114,73,587,55,87,86,false
2021-11-10 22:50:51,2021-11-11 22:17:07,UTC-06:00,2021-11-10 22:50:51,2021-11-11 07:21:37,82,17.3,438,510,305,78,55,72,534,40,85,83,false
2021-11-09 22:37:15,2021-11-10 22:50:51,UTC-06:00,2021-11-09 22:37:15,2021-11-10 07:59:42,87,16.6,496,562,292,100,104,66,571,67,88,77,false
2021-11-08 23:28:33,2021-11-09 22:37:15,UTC-06:00,2021-11-08 23:28:33,2021-11-09 07:30:47,78,16.8,449,481,292,83,74,32,579,64,94,72,false
2021-11-07 22:25:14,2021-11-08 23:28:33,UTC-06:00,2021-11-07 22:25:14,2021-11-08 05:45:22,73,17.2,410,439,167,95,148,29,561,79,93,70,false
2021-11-07 01:09:44,2021-11-07 22:25:14,UTC-06:00,2021-11-07 01:09:44,2021-11-07 08:15:46,67,17.4,384,425,266,84,34,41,570,70,90,70,false
2021-11-05 23:58:50,2021-11-07 02:09:44,UTC-05:00,2021-11-05 23:58:50,2021-11-06 08:32:42,77,17.2,450,510,309,78,63,60,584,91,90,70,false
2021-11-05 02:46:23,2021-11-05 23:58:50,UTC-05:00,2021-11-05 02:46:23,2021-11-05 08:59:54,62,17.4,329,373,187,82,60,44,532,27,88,47,false
2021-11-03 23:05:16,2021-11-05 02:46:23,UTC-05:00,2021-11-03 23:05:16,2021-11-04 09:23:20,91,17.3,569,615,416,104,49,46,622,91,92,64,false
2021-11-02 23:39:25,2021-11-03 23:05:16,UTC-05:00,2021-11-02 23:39:25,2021-11-03 06:02:04,62,17.5,334,380,203,56,75,46,542,55,88,72,false
2021-11-01 22:54:02,2021-11-02 23:39:25,UTC-05:00,2021-11-01 22:54:02,2021-11-02 07:24:20,82,17.2,472,509,301,96,75,37,578,62,93,59,false
2021-10-31 23:44:28,2021-11-01 22:54:02,UTC-05:00,2021-10-31 23:44:28,2021-11-01 07:41:31,74,16.9,415,450,226,76,113,35,560,62,93,55,false
2021-10-31 02:33:00,2021-10-31 23:44:28,UTC-05:00,2021-10-31 02:33:00,2021-10-31 10:51:12,74,17.2,443,498,236,127,80,55,597,77,89,55,false
2021-10-30 00:26:46,2021-10-31 02:33:00,UTC-05:00,2021-10-30 00:26:46,2021-10-30 07:57:46,75,17.0,413,450,219,103,91,37,553,69,92,72,false
2021-10-29 01:52:26,2021-10-30 00:26:46,UTC-05:00,2021-10-29 01:52:26,2021-10-29 09:32:21,71,17.1,431,457,253,86,92,26,611,74,94,61,false
2021-10-28 00:16:10,2021-10-29 01:52:26,UTC-05:00,2021-10-28 00:16:10,2021-10-28 07:29:44,69,17.1,390,434,211,107,72,44,566,64,90,88,false
2021-10-27 00:11:39,2021-10-28 00:16:10,UTC-05:00,2021-10-27 00:11:39,2021-10-27 08:08:36,73,17.0,416,474,247,87,82,58,571,67,88,84,false
2021-10-25 23:45:29,2021-10-27 00:11:39,UTC-05:00,2021-10-25 23:45:29,2021-10-26 07:53:35,72,16.6,424,487,336,67,21,63,587,74,86,82,false
2021-10-24 23:42:09,2021-10-25 23:45:29,UTC-05:00,2021-10-24 23:42:09,2021-10-25 06:29:54,69,17.8,358,407,248,77,33,49,521,36,88,89,false
2021-10-23 23:34:15,2021-10-24 23:42:09,UTC-05:00,2021-10-23 23:34:15,2021-10-24 08:33:48,88,16.9,475,539,282,75,118,64,538,52,88,87,false
2021-10-22 23:15:51,2021-10-23 23:34:15,UTC-05:00,2021-10-22 23:15:51,2021-10-23 08:12:01,83,16.5,475,536,277,109,89,61,574,55,89,80,false
2021-10-22 00:06:13,2021-10-22 23:15:51,UTC-05:00,2021-10-22 00:06:13,2021-10-22 08:35:31,82,17.0,437,507,294,91,52,70,534,49,86,72,false
2021-10-20 23:54:43,2021-10-22 00:06:13,UTC-05:00,2021-10-20 23:54:43,2021-10-21 09:51:59,84,16.9,499,597,328,112,59,98,595,71,84,66,false
2021-10-19 23:23:11,2021-10-20 23:54:43,UTC-05:00,2021-10-19 23:23:11,2021-10-20 07:15:00,70,17.1,402,471,237,94,71,69,573,88,85,74,false
2021-10-19 00:37:27,2021-10-19 23:23:11,UTC-05:00,2021-10-19 00:37:27,2021-10-19 07:43:12,63,16.9,374,426,163,96,115,52,598,91,88,74,false
2021-10-18 00:36:40,2021-10-19 00:37:27,UTC-05:00,2021-10-18 00:36:40,2021-10-18 06:29:51,62,16.5,301,353,144,66,91,52,486,0,85,58,false
2021-10-16 23:46:52,2021-10-18 00:36:40,UTC-05:00,2021-10-16 23:46:52,2021-10-17 10:28:12,100,16.8,588,641,411,89,88,53,565,57,91,62,false
2021-10-15 23:51:47,2021-10-16 23:46:52,UTC-05:00,2021-10-15 23:51:47,2021-10-16 07:34:17,76,17.1,423,458,271,73,79,35,559,64,92,87,false
2021-10-14 22:34:59,2021-10-15 23:51:47,UTC-05:00,2021-10-14 22:34:59,2021-10-15 07:44:49,79,16.9,465,549,323,91,51,84,586,49,85,81,false
2021-10-13 23:08:15,2021-10-14 22:34:59,UTC-05:00,2021-10-13 23:08:15,2021-10-14 07:32:19,84,16.6,463,503,276,99,88,40,553,67,92,79,false
2021-10-13 00:21:33,2021-10-13 23:08:15,UTC-05:00,2021-10-13 00:21:33,2021-10-13 07:22:12,72,16.7,390,418,231,61,98,28,545,59,93,79,false
2021-10-11 23:44:53,2021-10-13 00:21:33,UTC-05:00,2021-10-11 23:44:53,2021-10-12 07:44:50,75,17.2,429,480,261,82,86,51,570,61,92,77,false
2021-10-10 23:36:45,2021-10-11 23:44:53,UTC-05:00,2021-10-10 23:36:45,2021-10-11 07:17:14,80,16.6,419,457,228,86,105,38,524,40,92,61,false
2021-10-10 00:53:20,2021-10-10 23:36:45,UTC-05:00,2021-10-10 00:53:20,2021-10-10 10:28:56,87,17.3,513,574,346,121,46,61,592,67,89,57,false
2021-10-09 00:05:11,2021-10-10 00:53:20,UTC-05:00,2021-10-09 00:05:11,2021-10-09 08:12:33,78,16.9,446,487,269,95,82,41,569,67,94,78,false
2021-10-08 00:13:34,2021-10-09 00:05:11,UTC-05:00,2021-10-08 00:13:34,2021-10-08 08:02:30,78,16.9,433,466,329,62,42,33,553,67,93,68,false
2021-10-06 22:18:13,2021-10-08 00:13:34,UTC-05:00,2021-10-06 22:18:13,2021-10-07 06:29:42,72,16.8,424,491,221,66,137,67,590,67,88,63,false
2021-10-05 23:23:04,2021-10-06 22:18:13,UTC-05:00,2021-10-05 23:23:04,2021-10-06 06:29:36,72,18.3,399,426,257,54,88,27,551,40,93,62,false
2021-10-04 22:41:16,2021-10-05 23:23:04,UTC-05:00,2021-10-04 22:41:16,2021-10-05 07:29:53,87,17.2,499,526,275,93,131,27,572,71,94,44,false
2021-10-04 00:15:58,2021-10-04 22:41:16,UTC-05:00,2021-10-04 00:15:58,2021-10-04 07:11:48,70,17.1,387,415,224,56,107,28,557,67,93,57,false
2021-10-03 02:09:36,2021-10-04 00:15:58,UTC-05:00,2021-10-03 02:09:36,2021-10-03 10:58:48,78,16.6,469,527,213,133,123,58,598,76,90,57,false
2021-10-02 02:44:20,2021-10-03 02:09:36,UTC-05:00,2021-10-02 02:44:20,2021-10-02 11:39:46,68,16.8,420,535,280,100,40,115,620,115,79,41,false
2021-10-01 00:54:55,2021-10-02 02:44:20,UTC-05:00,2021-10-01 00:54:55,2021-10-01 06:14:50,52,17.9,288,319,145,78,65,31,550,64,90,56,false
2021-09-29 23:20:22,2021-10-01 00:54:55,UTC-05:00,2021-09-29 23:20:22,2021-09-30 08:25:29,79,16.8,469,542,244,111,114,73,594,52,87,37,false
2021-09-29 03:53:09,2021-09-29 23:20:22,UTC-05:00,2021-09-29 03:53:09,2021-09-29 12:31:45,83,16.8,461,513,250,114,97,52,554,64,89,25,false
2021-09-27 23:17:22,2021-09-29 03:53:09,UTC-05:00,2021-09-27 23:17:22,2021-09-28 07:50:44,79,16.8,479,512,283,79,117,33,605,76,93,82,false
2021-09-26 23:38:03,2021-09-27 23:17:22,UTC-05:00,2021-09-26 23:38:03,2021-09-27 07:09:39,68,16.2,415,452,255,82,78,37,615,105,92,79,false
2021-09-26 01:43:11,2021-09-26 23:38:03,UTC-05:00,2021-09-26 01:43:11,2021-09-26 07:35:27,56,16.5,314,352,167,88,59,38,558,55,89,69,false
2021-09-24 23:13:14,2021-09-26 01:43:11,UTC-05:00,2021-09-24 23:13:14,2021-09-25 08:00:24,82,16.1,469,527,274,86,109,58,574,83,89,78,false
2021-09-24 00:43:42,2021-09-24 23:13:14,UTC-05:00,2021-09-24 00:43:42,2021-09-24 07:59:17,73,16.0,387,436,198,98,91,49,530,36,88,68,false
2021-09-22 21:01:41,2021-09-24 00:43:42,UTC-05:00,2021-09-22 21:01:41,2021-09-23 07:38:36,88,16.3,557,636,364,122,71,79,636,100,87,51,false
2021-09-21 23:43:16,2021-09-22 21:01:41,UTC-05:00,2021-09-21 23:43:16,2021-09-22 06:39:33,58,16.3,358,414,268,68,22,56,618,98,86,65,false
2021-09-21 00:30:00,2021-09-21 23:43:16,UTC-05:00,2021-09-21 00:30:00,2021-09-21 08:00:23,68,15.7,408,449,190,79,139,41,599,86,90,59,false
2021-09-19 23:26:01,2021-09-21 00:30:00,UTC-05:00,2021-09-19 23:26:01,2021-09-20 06:32:21,64,16.6,378,423,204,83,91,45,595,112,89,54,false
2021-09-19 04:03:51,2021-09-19 23:26:01,UTC-05:00,2021-09-19 04:03:51,2021-09-19 09:57:13,53,16.9,324,349,213,71,40,25,610,86,92,48,false
2021-09-18 01:51:54,2021-09-19 04:03:51,UTC-05:00,2021-09-18 01:51:54,2021-09-18 10:19:53,72,16.7,431,505,222,131,78,74,596,95,85,52,false
2021-09-17 00:12:30,2021-09-18 01:51:54,UTC-05:00,2021-09-17 00:12:30,2021-09-17 07:58:59,69,16.6,421,459,227,98,96,38,609,95,91,76,false
2021-09-15 23:00:45,2021-09-17 00:12:30,UTC-05:00,2021-09-15 23:00:45,2021-09-16 06:16:24,60,16.6,372,434,211,96,65,62,619,95,88,75,false
2021-09-15 02:04:14,2021-09-15 23:00:45,UTC-05:00,2021-09-15 02:04:14,2021-09-15 08:02:34,60,16.4,337,355,199,58,80,18,558,70,95,71,false
2021-09-13 23:45:29,2021-09-15 02:04:14,UTC-05:00,2021-09-13 23:45:29,2021-09-14 07:59:43,77,17.2,437,494,230,123,84,57,566,58,88,77,false
2021-09-12 22:40:56,2021-09-13 23:45:29,UTC-05:00,2021-09-12 22:40:56,2021-09-13 07:28:37,81,17.0,498,523,215,121,162,25,617,134,95,66,false
2021-09-12 02:42:20,2021-09-12 22:40:56,UTC-05:00,2021-09-12 02:42:20,2021-09-12 07:39:41,44,17.3,266,292,192,42,32,26,599,71,91,62,false
2021-09-11 00:22:57,2021-09-12 02:42:20,UTC-05:00,2021-09-11 00:22:57,2021-09-11 08:25:56,70,16.6,417,482,282,79,56,65,595,79,86,82,false
2021-09-10 00:21:52,2021-09-11 00:22:57,UTC-05:00,2021-09-10 00:21:52,2021-09-10 07:30:11,67,16.2,376,427,178,98,100,51,564,77,88,80,false
2021-09-08 23:43:16,2021-09-10 00:21:52,UTC-05:00,2021-09-08 23:43:16,2021-09-09 07:59:37,75,15.7,442,496,246,98,98,54,591,86,89,73,false
2021-09-07 23:27:01,2021-09-08 23:43:16,UTC-05:00,2021-09-07 23:27:01,2021-09-08 06:10:19,64,16.0,358,398,231,74,53,40,557,74,89,64,false
2021-09-07 00:04:11,2021-09-07 23:27:01,UTC-05:00,2021-09-07 00:04:11,2021-09-07 07:05:17,69,16.1,385,416,206,99,80,31,558,49,93,53,false
2021-09-05 22:14:27,2021-09-07 00:04:11,UTC-05:00,2021-09-05 22:14:27,2021-09-06 08:00:33,84,16.6,543,585,354,119,70,42,650,165,93,32,false
2021-09-05 02:26:47,2021-09-05 22:14:27,UTC-05:00,2021-09-05 02:26:47,2021-09-05 06:06:01,31,17.2,166,218,99,42,25,52,537,40,76,59,false
2021-09-04 01:44:13,2021-09-05 02:26:47,UTC-05:00,2021-09-04 01:44:13,2021-09-04 11:51:33,87,16.4,532,605,324,118,90,73,612,79,88,55,false
2021-09-03 02:28:35,2021-09-04 01:44:13,UTC-05:00,2021-09-03 02:28:35,2021-09-03 09:08:30,67,16.5,333,397,233,68,32,64,499,0,83,42,false
2021-09-02 00:09:12,2021-09-03 02:28:35,UTC-05:00,2021-09-02 00:09:12,2021-09-02 12:03:19,100,16.3,656,702,300,136,220,46,521,141,93,36,false
2021-09-01 00:39:38,2021-09-02 00:09:12,UTC-05:00,2021-09-01 14:26:53,2021-09-01 16:20:03,17,18.4,103,111,76,15,12,8,624,141,97,,true
2021-09-01 00:39:38,2021-09-02 00:09:12,UTC-05:00,2021-09-01 00:39:38,2021-09-01 04:45:34,41,18.4,211,246,149,51,11,35,514,27,85,74,false
2021-08-31 01:39:14,2021-09-01 00:39:38,UTC-05:00,2021-08-31 01:39:14,2021-08-31 10:52:31,91,16.8,493,548,269,108,116,55,542,55,90,78,false
2021-08-30 02:04:03,2021-08-31 01:39:14,UTC-05:00,2021-08-30 02:04:03,2021-08-30 09:12:05,77,17.2,376,428,229,88,59,52,491,0,88,65,false
2021-08-29 01:52:06,2021-08-30 02:04:03,UTC-05:00,2021-08-29 01:52:06,2021-08-29 11:17:25,100,16.6,517,565,353,75,89,48,499,12,91,55,false
2021-08-28 00:17:40,2021-08-29 01:52:06,UTC-05:00,2021-08-28 00:17:40,2021-08-28 10:52:41,96,16.9,546,635,278,113,155,89,567,67,86,59,false
2021-08-26 23:57:06,2021-08-28 00:17:40,UTC-05:00,2021-08-26 23:57:06,2021-08-27 07:34:47,72,17.3,407,458,283,70,54,51,563,59,88,90,false
2021-08-25 23:32:12,2021-08-26 23:57:06,UTC-05:00,2021-08-25 23:32:12,2021-08-26 07:30:20,75,16.5,418,477,232,90,96,59,561,70,87,89,false
2021-08-24 23:45:22,2021-08-25 23:32:12,UTC-05:00,2021-08-24 23:45:22,2021-08-25 08:00:16,77,16.7,445,494,289,77,79,49,577,76,91,83,false
2021-08-23 23:50:12,2021-08-24 23:45:22,UTC-05:00,2021-08-23 23:50:12,2021-08-24 07:30:04,68,17.3,385,459,195,98,92,74,564,43,84,77,false
2021-08-22 22:03:44,2021-08-23 23:50:12,UTC-05:00,2021-08-22 22:03:44,2021-08-23 08:04:12,86,16.3,537,595,314,80,143,58,624,103,90,63,false
2021-08-22 01:08:40,2021-08-22 22:03:44,UTC-05:00,2021-08-22 01:08:40,2021-08-22 07:59:41,57,16.2,346,411,224,70,52,65,602,76,86,73,false
2021-08-21 01:28:29,2021-08-22 01:08:40,UTC-05:00,2021-08-21 01:28:29,2021-08-21 08:00:22,68,17.1,367,391,276,53,38,24,541,0,93,65,false
2021-08-19 23:20:15,2021-08-21 01:28:29,UTC-05:00,2021-08-19 23:20:15,2021-08-20 09:45:00,100,15.9,571,624,381,96,94,53,574,52,91,65,false
2021-08-18 23:06:04,2021-08-19 23:20:15,UTC-05:00,2021-08-18 23:06:04,2021-08-19 07:11:43,83,16.9,452,482,261,76,115,30,543,58,93,54,false
2021-08-18 01:20:13,2021-08-18 23:06:04,UTC-05:00,2021-08-18 01:20:13,2021-08-18 09:57:35,81,16.8,481,517,315,94,72,36,594,88,92,64,false
2021-08-17 01:16:15,2021-08-18 01:20:13,UTC-05:00,2021-08-17 01:16:15,2021-08-17 07:29:48,63,16.7,335,373,244,59,32,38,533,37,90,42,false
2021-08-16 01:46:21,2021-08-17 01:16:15,UTC-05:00,2021-08-16 01:46:21,2021-08-16 10:59:35,88,16.5,502,552,242,104,156,50,568,77,91,26,false
2021-08-14 23:15:44,2021-08-16 02:46:21,UTC-04:00,2021-08-14 23:15:44,2021-08-15 07:13:30,75,16.7,435,473,255,78,102,38,576,91,92,52,false
2021-08-12 22:58:43,2021-08-13 22:58:43,UTC-04:00,2021-08-12 22:58:43,2021-08-13 06:29:36,62,16.8,430,451,265,57,108,21,696,189,95,28,false
2021-08-12 01:57:45,2021-08-12 22:58:43,UTC-04:00,2021-08-12 01:57:45,2021-08-12 03:49:58,21,17.1,104,112,77,12,15,8,506,0,93,77,false
2021-08-11 00:10:25,2021-08-12 00:57:45,UTC-05:00,2021-08-11 00:10:25,2021-08-11 09:45:24,100,16.6,496,572,300,84,112,76,485,0,86,73,false
2021-08-10 00:21:03,2021-08-11 00:10:25,UTC-05:00,2021-08-10 00:21:03,2021-08-10 09:53:09,100,17.3,522,570,411,66,45,48,483,0,91,60,false
2021-08-09 00:28:13,2021-08-10 00:21:03,UTC-05:00,2021-08-09 00:28:13,2021-08-09 09:51:15,100,17.2,483,563,365,46,72,80,381,93,87,35,false
2021-08-08 01:28:48,2021-08-09 00:28:13,UTC-05:00,2021-08-08 13:51:26,2021-08-08 17:47:42,34,19.7,196,236,122,41,33,40,577,93,83,,true
2021-08-08 01:28:48,2021-08-09 00:28:13,UTC-05:00,2021-08-08 01:28:48,2021-08-08 08:16:50,61,19.2,350,408,255,45,50,58,578,93,85,73,false
2021-08-07 01:11:10,2021-08-08 01:28:48,UTC-05:00,2021-08-07 01:11:10,2021-08-07 08:20:10,61,18.3,348,429,218,59,71,81,567,151,81,56,false
2021-08-06 02:08:45,2021-08-07 01:11:10,UTC-05:00,2021-08-06 13:07:53,2021-08-06 14:23:02,11,15.7,71,75,71,0,0,4,635,151,94,,true
2021-08-06 02:08:45,2021-08-07 01:11:10,UTC-05:00,2021-08-06 02:08:45,2021-08-06 06:18:19,37,17.8,215,246,136,64,15,31,586,86,87,65,false
2021-08-05 00:35:29,2021-08-06 02:08:45,UTC-05:00,2021-08-05 00:35:29,2021-08-05 07:49:35,64,18.6,357,434,202,67,88,77,555,69,82,66,false
2021-08-04 02:27:06,2021-08-05 00:35:29,UTC-05:00,2021-08-04 02:27:06,2021-08-04 11:06:26,71,17.4,427,519,258,68,101,92,597,71,85,68,false
2021-08-03 00:43:19,2021-08-04 02:27:06,UTC-05:00,2021-08-03 00:43:19,2021-08-03 07:59:56,70,16.7,388,436,233,67,88,48,554,49,89,76,false
2021-08-02 01:40:35,2021-08-03 00:43:19,UTC-05:00,2021-08-02 01:40:35,2021-08-02 10:30:27,84,17.0,487,524,306,71,110,37,577,83,92,82,false
2021-08-01 02:38:28,2021-08-02 01:40:35,UTC-05:00,2021-08-01 02:38:28,2021-08-01 09:44:28,65,18.0,378,423,217,77,84,45,582,64,89,81,false
2021-07-31 02:11:21,2021-08-01 02:38:28,UTC-05:00,2021-07-31 02:11:21,2021-07-31 09:50:59,79,17.3,433,458,221,108,104,25,547,43,94,75,false
2021-07-30 00:32:47,2021-07-31 02:11:21,UTC-05:00,2021-07-30 00:32:47,2021-07-30 09:33:32,86,16.1,509,541,340,83,86,32,592,81,94,78,false
2021-07-29 01:50:45,2021-07-30 00:32:47,UTC-05:00,2021-07-29 01:50:45,2021-07-29 09:14:03,66,17.1,386,443,149,125,112,57,585,55,87,67,false
2021-07-27 23:42:44,2021-07-29 01:50:45,UTC-05:00,2021-07-27 23:42:44,2021-07-28 09:06:07,82,15.2,482,563,309,98,75,81,586,76,85,70,false
2021-07-27 00:14:03,2021-07-27 23:42:44,UTC-05:00,2021-07-27 00:14:03,2021-07-27 07:17:32,68,16.0,383,405,223,71,89,22,561,72,94,58,false
2021-07-25 23:58:25,2021-07-27 00:14:03,UTC-05:00,2021-07-25 23:58:25,2021-07-26 07:00:01,70,16.6,392,421,238,79,75,29,560,76,93,69,false
2021-07-25 02:14:13,2021-07-25 23:58:25,UTC-05:00,2021-07-25 02:14:13,2021-07-25 09:38:33,68,17.5,397,444,309,43,45,47,585,98,89,82,false
2021-07-24 03:02:34,2021-07-25 02:14:13,UTC-05:00,2021-07-24 03:02:34,2021-07-24 09:04:05,59,16.4,320,359,239,62,19,39,538,40,89,72,false
2021-07-23 01:49:54,2021-07-24 03:02:34,UTC-05:00,2021-07-23 01:49:54,2021-07-23 09:29:40,83,15.6,413,460,257,81,75,47,496,9,90,84,false
2021-07-22 00:54:09,2021-07-23 01:49:54,UTC-05:00,2021-07-22 00:54:09,2021-07-22 10:24:04,97,16.5,497,567,332,86,79,70,515,30,89,84,false
2021-07-21 00:37:21,2021-07-22 00:54:09,UTC-05:00,2021-07-21 00:37:21,2021-07-21 09:48:40,90,16.6,495,546,306,79,110,51,550,58,90,77,false
2021-07-20 01:36:27,2021-07-21 00:37:21,UTC-05:00,2021-07-20 01:36:27,2021-07-20 10:18:21,81,17.6,463,521,248,109,106,58,571,72,89,,false
2021-07-19 02:57:19,2021-07-20 01:36:27,UTC-05:00,2021-07-19 02:57:19,2021-07-19 09:58:26,70,17.7,378,421,201,71,106,43,536,31,90,,false
2021-07-18 00:27:00,2021-07-19 02:57:19,UTC-05:00,2021-07-18 00:27:00,2021-07-18 08:29:16,87,17.0,450,479,198,93,159,29,520,0,94,,false
