Cycle start time,Cycle end time,Cycle timezone,Workout start time,Workout end time,Duration (min),Activity name,Activity Strain,Energy burned (cal),Max HR (bpm),Average HR (bpm),HR Zone 1 %,HR Zone 2 %,HR Zone 3 %,HR Zone 4 %,HR Zone 5 %,GPS enabled
2026-02-09 22:02:42,2026-02-10 22:32:47,UTC-06:00,2026-02-10 12:27:21,2026-02-10 13:10:31,43,Running,14.1,563.0,189,155,12,40,13,17,17,false
2026-02-08 22:52:40,2026-02-09 22:02:42,UTC-06:00,2026-02-09 11:54:09,2026-02-09 12:12:29,18,Yoga,4.2,24.0,111,91,0,0,0,0,0,false
2026-02-08 22:52:40,2026-02-09 22:02:42,UTC-06:00,2026-02-09 11:18:04,2026-02-09 11:50:20,32,Functional Fitness,4.3,54.0,127,91,7,0,0,0,0,false
2026-02-08 00:19:08,2026-02-08 22:52:40,UTC-06:00,2026-02-08 12:06:53,2026-02-08 13:46:44,99,Tennis,12.0,711.0,173,126,63,22,5,0,0,false
2026-02-06 23:54:07,2026-02-08 00:19:08,UTC-06:00,2026-02-07 17:33:57,2026-02-07 18:46:48,72,Tennis,8.4,391.0,158,115,55,11,0,0,0,false
2026-02-05 22:30:05,2026-02-06 23:54:07,UTC-06:00,2026-02-06 09:43:04,2026-02-06 10:37:05,54,Functional Fitness,15.2,181.0,162,106,39,3,0,0,0,false
2026-02-04 21:41:30,2026-02-05 22:30:05,UTC-06:00,2026-02-05 11:52:00,2026-02-05 12:37:00,45,Yoga,8.8,58.0,105,81,0,0,0,0,0,false
2026-02-03 22:38:47,2026-02-04 21:41:30,UTC-06:00,2026-02-04 12:19:28,2026-02-04 12:22:16,2,Stairmaster,4.3,18.0,164,123,24,15,21,0,0,false
2026-02-03 22:38:47,2026-02-04 21:41:30,UTC-06:00,2026-02-04 11:40:34,2026-02-04 12:16:17,35,Assault Bike,10.6,380.0,183,143,21,61,4,11,0,false
2026-02-03 22:38:47,2026-02-04 21:41:30,UTC-06:00,2026-02-04 11:27:45,2026-02-04 11:38:31,10,Yoga,3.2,14.0,106,86,0,0,0,0,0,false
2026-02-02 22:26:01,2026-02-03 22:38:47,UTC-06:00,2026-02-03 12:18:16,2026-02-03 13:01:36,43,Functional Fitness,12.6,165.0,160,109,55,3,0,0,0,false
2026-02-01 22:17:57,2026-02-02 22:26:01,UTC-06:00,2026-02-02 12:16:35,2026-02-02 13:05:34,48,Yoga,11.1,201.0,177,107,28,8,4,0,0,false
2026-02-01 22:17:57,2026-02-02 22:26:01,UTC-06:00,2026-02-02 12:02:43,2026-02-02 12:13:22,10,Walking,4.5,51.0,147,113,81,1,0,0,0,false
2026-01-31 22:49:26,2026-02-01 22:17:57,UTC-06:00,2026-02-01 18:27:20,2026-02-01 19:07:34,40,Strength Trainer,8.7,75.0,127,94,15,0,0,0,0,false
2026-01-30 23:39:22,2026-01-31 22:49:26,UTC-06:00,2026-01-31 18:27:46,2026-01-31 19:16:17,48,Cycling,12.7,482.0,183,139,36,21,7,25,0,false
2026-01-29 22:25:20,2026-01-30 23:39:22,UTC-06:00,2026-01-30 16:40:30,2026-01-30 17:36:15,55,Tennis,9.4,439.0,162,129,70,28,0,0,0,false
2026-01-28 21:11:20,2026-01-29 22:25:20,UTC-06:00,2026-01-29 12:58:30,2026-01-29 13:26:59,28,Walking,5.1,104.0,147,108,52,1,0,0,0,false
2026-01-28 21:11:20,2026-01-29 22:25:20,UTC-06:00,2026-01-29 08:55:17,2026-01-29 09:01:16,5,Cycling,5.1,64.0,154,143,19,81,0,0,0,false
2026-01-28 21:11:20,2026-01-29 22:25:20,UTC-06:00,2026-01-29 08:31:26,2026-01-29 08:54:46,23,Cycling,7.4,220.0,154,136,16,78,0,0,0,false
2026-01-28 21:11:20,2026-01-29 22:25:20,UTC-06:00,2026-01-29 07:56:54,2026-01-29 08:05:32,8,Running,5.5,80.0,159,136,13,51,19,0,0,false
2026-01-27 23:10:18,2026-01-28 21:11:20,UTC-06:00,2026-01-28 07:02:25,2026-01-28 08:01:00,58,Strength Trainer,15.3,187.0,154,105,43,1,0,0,0,false
2026-01-26 21:54:01,2026-01-27 23:10:18,UTC-06:00,2026-01-27 14:21:12,2026-01-27 15:13:12,51,Cycling,12.0,561.0,155,143,6,92,0,0,0,false
2026-01-25 22:07:17,2026-01-26 21:54:01,UTC-06:00,2026-01-26 07:49:56,2026-01-26 09:06:34,76,Functional Fitness,11.7,108.0,122,85,2,0,0,0,0,false
2026-01-23 22:41:15,2026-01-25 01:59:16,UTC-06:00,2026-01-24 13:20:05,2026-01-24 14:14:26,54,Strength Trainer,11.9,113.0,141,96,15,0,0,0,0,false
2026-01-22 21:13:43,2026-01-23 22:41:15,UTC-06:00,2026-01-23 08:50:56,2026-01-23 09:37:25,46,Cycling,11.1,481.0,156,141,8,88,0,0,0,false
2026-01-22 21:13:43,2026-01-23 22:41:15,UTC-06:00,2026-01-23 08:42:09,2026-01-23 08:48:21,6,Running,5.3,61.0,178,139,27,20,33,12,0,false
2026-01-21 21:51:43,2026-01-22 21:13:43,UTC-06:00,2026-01-22 19:13:19,2026-01-22 19:19:03,5,Functional Fitness,3.6,8.0,112,92,2,0,0,0,0,false
2026-01-21 21:51:43,2026-01-22 21:13:43,UTC-06:00,2026-01-22 11:47:07,2026-01-22 12:48:09,61,Walking,5.9,187.0,135,103,39,0,0,0,0,false
2026-01-20 22:23:08,2026-01-21 21:51:43,UTC-06:00,2026-01-21 08:11:36,2026-01-21 09:24:45,73,Functional Fitness,6.9,141.0,143,92,13,0,0,0,0,false
2026-01-19 22:46:36,2026-01-20 22:23:08,UTC-06:00,2026-01-20 12:39:31,2026-01-20 13:21:53,42,Cycling,11.5,408.0,176,138,41,17,16,19,0,false
2026-01-17 23:45:32,2026-01-18 21:05:04,UTC-06:00,2026-01-18 11:50:11,2026-01-18 12:45:23,55,Strength Trainer,11.6,156.0,138,102,32,0,0,0,0,false
2026-01-16 23:28:31,2026-01-17 23:45:32,UTC-06:00,2026-01-17 09:52:08,2026-01-17 10:20:16,28,Cycling,8.7,288.0,158,139,6,85,3,0,0,false
2026-01-15 22:13:19,2026-01-16 23:28:31,UTC-06:00,2026-01-16 07:55:56,2026-01-16 09:04:13,68,Strength Trainer,11.9,117.0,139,89,8,0,0,0,0,false
2026-01-14 22:29:18,2026-01-15 22:13:19,UTC-06:00,2026-01-15 07:21:09,2026-01-15 08:05:01,43,Walking,10.7,433.0,166,138,22,62,11,0,0,false
2026-01-11 22:55:45,2026-01-12 23:13:47,UTC-06:00,2026-01-12 07:55:23,2026-01-12 08:56:39,61,Strength Trainer,13.2,108.0,135,94,10,0,0,0,0,false
2026-01-10 23:36:43,2026-01-11 22:55:45,UTC-06:00,2026-01-11 11:58:55,2026-01-11 12:44:10,45,Cycling,12.3,424.0,183,134,41,7,8,27,0,false
2026-01-06 22:44:36,2026-01-07 22:31:08,UTC-06:00,2026-01-07 09:19:42,2026-01-07 09:26:08,6,Walking,4.5,39.0,148,118,59,16,0,0,0,false
2026-01-06 22:44:36,2026-01-07 22:31:08,UTC-06:00,2026-01-07 08:45:25,2026-01-07 09:16:55,31,Strength Trainer,8.9,43.0,114,86,0,0,0,0,0,false
2026-01-05 23:08:15,2026-01-06 22:44:36,UTC-06:00,2026-01-06 17:55:30,2026-01-06 18:32:59,37,Pickleball,7.6,277.0,159,126,71,22,0,0,0,false
2026-01-05 23:08:15,2026-01-06 22:44:36,UTC-06:00,2026-01-06 07:53:12,2026-01-06 08:46:54,53,Assault Bike,11.0,506.0,160,136,16,76,1,0,0,false
2026-01-05 23:08:15,2026-01-06 22:44:36,UTC-06:00,2026-01-06 07:46:46,2026-01-06 07:52:25,5,Walking,4.1,16.0,120,96,45,0,0,0,0,false
2026-01-04 22:52:42,2026-01-05 23:08:15,UTC-06:00,2026-01-05 15:13:13,2026-01-05 16:22:07,68,Strength Trainer,9.3,127.0,125,92,14,0,0,0,0,false
2025-12-30 23:50:02,2026-01-01 01:29:05,UTC-06:00,2025-12-31 12:24:09,2025-12-31 13:16:15,52,Cycling,11.3,521.0,158,138,20,74,3,0,0,false
2025-12-29 23:49:01,2025-12-30 23:50:02,UTC-06:00,2025-12-30 16:57:13,2025-12-30 18:14:28,77,Strength Trainer,12.4,213.0,140,99,32,0,0,0,0,false
2025-12-27 00:34:41,2025-12-28 02:38:14,UTC-06:00,2025-12-27 15:06:00,2025-12-27 16:44:07,98,Pickleball,12.9,823.0,176,131,62,30,6,0,0,false
2025-12-25 23:32:41,2025-12-27 00:34:41,UTC-06:00,2025-12-26 16:12:00,2025-12-26 16:58:29,46,Pickleball,9.1,384.0,160,130,61,35,2,0,0,false
2025-12-25 23:32:41,2025-12-27 00:34:41,UTC-06:00,2025-12-26 14:49:03,2025-12-26 15:14:58,25,Cycling,10.6,296.0,182,145,27,33,2,35,0,false
2025-12-25 23:32:41,2025-12-27 00:34:41,UTC-06:00,2025-12-26 14:13:18,2025-12-26 14:48:09,34,Functional Fitness,4.5,72.0,126,92,16,0,0,0,0,false
2025-12-24 23:48:35,2025-12-25 23:32:41,UTC-06:00,2025-12-25 18:07:49,2025-12-25 18:25:28,17,Walking,6.8,155.0,157,134,7,66,4,0,0,false
2025-12-24 23:48:35,2025-12-25 23:32:41,UTC-06:00,2025-12-25 16:54:00,2025-12-25 17:50:59,56,Pickleball,7.6,320.0,158,116,77,3,0,0,0,false
2025-12-24 00:03:33,2025-12-24 23:48:35,UTC-06:00,2025-12-24 12:16:30,2025-12-24 13:46:29,89,Pickleball,10.3,568.0,154,120,73,14,0,0,0,false
2025-12-22 23:34:01,2025-12-24 00:03:33,UTC-06:00,2025-12-23 11:45:00,2025-12-23 16:50:29,305,Golf,6.7,508.0,144,90,8,0,0,0,0,false
2025-12-22 23:34:01,2025-12-24 00:03:33,UTC-06:00,2025-12-23 08:00:00,2025-12-23 08:15:00,15,Archery,0.0,19.0,100,77,0,0,0,0,0,false
2025-12-21 23:21:00,2025-12-22 23:34:01,UTC-06:00,2025-12-22 19:00:00,2025-12-22 19:31:29,31,Pickleball,7.5,257.0,165,130,70,27,3,0,0,false
2025-12-21 23:21:00,2025-12-22 23:34:01,UTC-06:00,2025-12-22 18:10:30,2025-12-22 18:46:29,35,Pickleball,7.6,275.0,163,127,69,26,1,0,0,false
2025-12-21 23:21:00,2025-12-22 23:34:01,UTC-06:00,2025-12-22 15:34:32,2025-12-22 17:34:08,119,Strength Trainer,8.0,180.0,139,85,5,0,0,0,0,false
2025-12-21 23:21:00,2025-12-22 23:34:01,UTC-06:00,2025-12-22 11:40:00,2025-12-22 12:06:00,26,Archery,4.0,37.0,119,86,2,0,0,0,0,false
2025-12-20 22:27:59,2025-12-21 23:21:00,UTC-06:00,2025-12-21 14:37:30,2025-12-21 15:50:59,73,Pickleball,9.5,489.0,153,122,83,9,0,0,0,false
2025-12-20 22:27:59,2025-12-21 23:21:00,UTC-06:00,2025-12-21 07:11:19,2025-12-21 07:21:31,10,Archery,2.9,14.0,109,83,0,0,0,0,0,false
2025-12-16 00:29:46,2025-12-16 22:38:18,UTC-06:00,2025-12-16 08:08:26,2025-12-16 08:26:09,17,Archery,2.6,23.0,115,84,2,0,0,0,0,false
2025-12-14 23:01:14,2025-12-16 00:29:46,UTC-06:00,2025-12-15 19:14:25,2025-12-15 19:55:26,41,Stairmaster,11.2,454.0,160,144,8,79,12,0,0,false
2025-12-12 22:55:42,2025-12-14 00:24:12,UTC-06:00,2025-12-13 13:47:08,2025-12-13 14:49:53,62,Strength Trainer,9.2,117.0,150,90,11,0,0,0,0,false
2025-12-11 23:16:40,2025-12-12 22:55:42,UTC-06:00,2025-12-12 12:50:30,2025-12-12 13:37:07,46,Cycling,11.0,480.0,155,141,12,86,0,0,0,false
2025-12-11 00:08:08,2025-12-11 23:16:40,UTC-06:00,2025-12-11 13:07:30,2025-12-11 13:51:32,44,Functional Fitness,2.8,57.0,105,82,0,0,0,0,0,false
2025-12-10 00:15:04,2025-12-11 00:08:08,UTC-06:00,2025-12-10 13:03:08,2025-12-10 13:58:43,55,Cycling,13.6,628.0,180,145,21,46,7,24,0,false
2025-12-08 22:35:31,2025-12-10 00:15:04,UTC-06:00,2025-12-09 13:16:50,2025-12-09 13:18:08,1,Cycling,0.9,2.0,135,92,34,0,0,0,0,false
2025-12-08 22:35:31,2025-12-10 00:15:04,UTC-06:00,2025-12-09 12:58:25,2025-12-09 13:12:02,13,Functional Fitness,4.2,26.0,119,94,11,0,0,0,0,false
2025-12-08 22:35:31,2025-12-10 00:15:04,UTC-06:00,2025-12-09 12:28:44,2025-12-09 12:54:13,25,Strength Trainer,4.0,34.0,114,87,0,0,0,0,0,false
2025-12-07 22:22:34,2025-12-08 22:35:31,UTC-06:00,2025-12-08 15:55:02,2025-12-08 16:40:28,45,Walking,11.2,472.0,155,141,11,84,0,0,0,false
2025-12-07 22:22:34,2025-12-08 22:35:31,UTC-06:00,2025-12-08 06:07:44,2025-12-08 06:12:46,5,HIIT,4.8,47.0,173,134,19,52,16,5,0,false
2025-12-05 23:28:30,2025-12-07 01:23:01,UTC-06:00,2025-12-06 14:19:09,2025-12-06 15:14:09,55,Cycling,13.2,573.0,184,140,42,17,17,18,0,false
2025-12-04 23:40:58,2025-12-05 23:28:30,UTC-06:00,2025-12-05 15:57:00,2025-12-05 17:03:26,66,Tennis,10.1,504.0,161,127,67,25,1,0,0,false
2025-12-04 23:40:58,2025-12-05 23:28:30,UTC-06:00,2025-12-05 14:29:38,2025-12-05 15:19:52,50,Strength Trainer,15.5,154.0,142,103,44,0,0,0,0,false
2025-12-02 23:08:24,2025-12-04 00:18:56,UTC-06:00,2025-12-03 16:08:33,2025-12-03 16:41:56,33,Cycling,10.6,347.0,185,140,32,26,23,8,3,false
2025-12-01 22:47:22,2025-12-02 23:08:24,UTC-06:00,2025-12-02 07:05:07,2025-12-02 07:11:24,6,Functional Fitness,5.8,29.0,145,109,61,5,0,0,0,false
2025-11-30 22:27:51,2025-12-01 22:47:22,UTC-06:00,2025-12-01 18:52:29,2025-12-01 19:46:02,53,Functional Fitness,5.9,168.0,156,99,16,8,1,0,0,false
2025-11-30 22:27:51,2025-12-01 22:47:22,UTC-06:00,2025-12-01 07:04:09,2025-12-01 07:08:41,4,Functional Fitness,4.7,7.0,106,94,0,0,0,0,0,false
2025-11-30 00:22:19,2025-11-30 22:27:51,UTC-06:00,2025-11-30 17:29:37,2025-11-30 17:45:14,15,Assault Bike,4.3,40.0,155,100,30,1,0,0,0,false
2025-11-30 00:22:19,2025-11-30 22:27:51,UTC-06:00,2025-11-30 16:55:18,2025-11-30 17:02:57,7,Jumping Rope,5.1,67.0,158,131,17,65,4,0,0,false
2025-10-23 11:16:22,2025-10-25 11:16:22,UTC-05:00,2025-10-24 08:51:11,2025-10-24 09:34:23,43,Weightlifting,0.0,56.0,74,63,0,0,0,0,0,false
2025-10-20 08:25:42,2025-10-21 08:25:42,UTC-05:00,2025-10-20 12:35:52,2025-10-20 12:59:17,23,Cycling,0.0,30.0,73,56,0,0,0,0,0,false
2025-10-20 08:25:42,2025-10-21 08:25:42,UTC-05:00,2025-10-20 11:56:36,2025-10-20 12:28:04,31,Weightlifting,0.0,41.0,82,60,0,0,0,0,0,false
2025-10-15 12:15:16,2025-10-16 06:15:16,UTC-05:00,2025-10-15 12:23:52,2025-10-15 12:44:19,20,Cycling,0.0,27.0,70,59,0,0,0,0,0,false
2025-10-13 19:18:28,2025-10-15 12:15:16,UTC-05:00,2025-10-14 09:04:53,2025-10-14 09:31:55,27,Swimming,0.0,35.0,70,58,0,0,0,0,0,false
2025-10-13 19:18:28,2025-10-15 12:15:16,UTC-05:00,2025-10-14 08:36:46,2025-10-14 08:55:23,18,Weightlifting,0.0,24.0,70,59,0,0,0,0,0,false
2025-10-11 19:31:59,2025-10-13 19:18:28,UTC-05:00,2025-10-13 06:54:07,2025-10-13 07:47:54,53,Weightlifting,0.0,70.0,76,61,0,0,0,0,0,false
2025-10-10 19:31:59,2025-10-11 19:31:59,UTC-05:00,2025-10-11 16:00:00,2025-10-11 16:20:59,20,Commuting,9.4,245.0,207,147,23,18,32,16,11,false
2025-10-08 22:34:15,2025-10-10 00:00:00,UTC-05:00,2025-10-09 09:51:12,2025-10-09 10:08:24,17,Cycling,7.2,179.0,155,141,9,84,2,0,0,false
2025-10-07 22:32:43,2025-10-08 22:34:15,UTC-05:00,2025-10-08 06:30:00,2025-10-08 07:31:00,61,Functional Fitness,13.0,111.0,157,90,10,0,0,0,0,false
2025-10-06 22:47:36,2025-10-07 22:32:43,UTC-05:00,2025-10-07 11:36:59,2025-10-07 11:37:20,0,Yoga,1.3,1.0,112,108,37,0,0,0,0,false
2025-10-06 22:47:36,2025-10-07 22:32:43,UTC-05:00,2025-10-07 11:19:21,2025-10-07 11:36:44,17,Cycling,7.0,173.0,155,138,19,78,1,0,0,false
2025-10-05 23:10:19,2025-10-06 22:47:36,UTC-05:00,2025-10-06 19:21:38,2025-10-06 19:38:10,16,Yoga,4.0,22.0,105,86,0,0,0,0,0,false
2025-10-05 23:10:19,2025-10-06 22:47:36,UTC-05:00,2025-10-06 19:00:13,2025-10-06 19:17:19,17,Cycling,6.1,131.0,157,123,15,53,3,0,0,false
2025-10-05 02:04:00,2025-10-05 23:10:19,UTC-05:00,2025-10-05 15:05:23,2025-10-05 15:29:03,23,Running,6.7,186.0,164,128,51,36,2,0,0,false
2025-10-01 23:24:26,2025-10-02 23:02:21,UTC-05:00,2025-10-02 17:58:30,2025-10-02 19:38:59,100,Tennis,11.1,638.0,163,121,69,19,0,0,0,false
2025-10-01 23:24:26,2025-10-02 23:02:21,UTC-05:00,2025-10-02 11:42:17,2025-10-02 11:51:27,9,Yoga,4.3,29.0,130,104,48,0,0,0,0,false
2025-10-01 23:24:26,2025-10-02 23:02:21,UTC-05:00,2025-10-02 10:43:30,2025-10-02 11:40:33,57,Running,15.8,799.0,183,159,7,25,10,58,0,false
2025-09-30 22:49:40,2025-10-01 23:24:26,UTC-05:00,2025-10-01 18:55:30,2025-10-01 20:30:40,95,Tennis,12.4,748.0,162,128,52,38,2,0,0,false
2025-09-30 22:49:40,2025-10-01 23:24:26,UTC-05:00,2025-10-01 15:16:53,2025-10-01 16:20:51,63,Strength Trainer,9.5,111.0,129,91,9,0,0,0,0,false
2025-09-29 22:25:48,2025-09-30 22:49:40,UTC-05:00,2025-09-30 12:18:00,2025-09-30 13:02:26,44,Running,13.6,537.0,186,148,17,41,9,28,3,false
2025-09-29 22:25:48,2025-09-30 22:49:40,UTC-05:00,2025-09-30 09:36:00,2025-09-30 09:55:29,19,Walking,5.2,104.0,154,115,76,10,0,0,0,false
2025-09-28 22:39:48,2025-09-29 22:25:48,UTC-05:00,2025-09-29 19:31:16,2025-09-29 20:28:30,57,Strength Trainer,10.0,124.0,141,95,19,0,0,0,0,false
2025-09-27 23:47:00,2025-09-28 22:39:48,UTC-05:00,2025-09-28 14:53:02,2025-09-28 15:05:59,12,Yoga,4.2,20.0,110,94,0,0,0,0,0,false
2025-09-27 23:47:00,2025-09-28 22:39:48,UTC-05:00,2025-09-28 12:30:35,2025-09-28 14:45:32,134,Running,15.8,1387.0,159,140,12,87,1,0,0,false
2025-09-24 23:46:11,2025-09-25 23:09:55,UTC-05:00,2025-09-25 19:01:30,2025-09-25 20:11:59,70,Tennis,11.2,568.0,172,129,64,21,10,0,0,false
2025-09-24 23:46:11,2025-09-25 23:09:55,UTC-05:00,2025-09-25 12:39:00,2025-09-25 13:53:06,74,Running,13.7,821.0,167,144,4,88,7,0,0,false
2025-09-23 22:39:09,2025-09-24 23:46:11,UTC-05:00,2025-09-24 15:22:05,2025-09-24 16:20:52,58,Strength Trainer,13.2,123.0,135,94,20,0,0,0,0,false
2025-09-22 22:28:22,2025-09-23 22:39:09,UTC-05:00,2025-09-23 11:49:30,2025-09-23 12:40:41,51,Running,14.9,710.0,178,158,2,36,17,45,0,false
2025-09-21 22:38:59,2025-09-22 22:28:22,UTC-05:00,2025-09-22 18:36:00,2025-09-22 20:17:48,101,Tennis,12.2,728.0,166,124,58,23,5,0,0,false
2025-09-21 22:38:59,2025-09-22 22:28:22,UTC-05:00,2025-09-22 11:12:00,2025-09-22 12:00:48,48,Running,13.9,579.0,183,148,19,42,9,29,0,false
2025-09-20 23:22:55,2025-09-21 22:38:59,UTC-05:00,2025-09-21 16:06:00,2025-09-21 17:11:59,65,Tennis,12.1,625.0,174,135,53,30,17,0,0,false
2025-09-20 23:22:55,2025-09-21 22:38:59,UTC-05:00,2025-09-21 13:50:39,2025-09-21 14:51:23,60,Functional Fitness,4.9,125.0,143,93,18,0,0,0,0,false
2025-09-20 00:13:24,2025-09-20 23:22:55,UTC-05:00,2025-09-20 13:55:30,2025-09-20 14:13:29,17,Hiking,4.7,68.0,132,106,55,0,0,0,0,false
2025-09-18 21:31:05,2025-09-20 00:13:24,UTC-05:00,2025-09-19 13:07:30,2025-09-19 13:28:29,20,Walking,4.9,80.0,158,105,32,8,0,0,0,false
2025-09-18 21:31:05,2025-09-20 00:13:24,UTC-05:00,2025-09-19 07:02:50,2025-09-19 07:32:21,29,Swimming,4.9,97.0,146,102,46,4,0,0,0,false
2025-09-17 23:33:39,2025-09-18 21:31:05,UTC-05:00,2025-09-18 17:06:00,2025-09-18 18:14:59,68,Tennis,11.0,572.0,164,129,66,30,2,0,0,false
2025-09-17 23:33:39,2025-09-18 21:31:05,UTC-05:00,2025-09-18 10:46:30,2025-09-18 11:59:03,72,Running,13.8,825.0,166,145,5,85,10,0,0,false
2025-09-16 22:53:38,2025-09-17 23:33:39,UTC-05:00,2025-09-17 15:08:04,2025-09-17 15:50:25,42,Strength Trainer,13.0,61.0,122,90,1,0,0,0,0,false
2025-09-16 22:53:38,2025-09-17 23:33:39,UTC-05:00,2025-09-17 12:25:30,2025-09-17 12:55:43,30,Walking,4.8,86.0,135,100,41,0,0,0,0,false
2025-09-15 22:58:57,2025-09-16 22:53:38,UTC-05:00,2025-09-16 07:55:30,2025-09-16 08:47:10,51,Running,15.8,752.0,181,161,5,20,6,68,0,false
2025-09-13 22:07:57,2025-09-14 21:43:55,UTC-05:00,2025-09-14 06:30:00,2025-09-14 08:20:05,110,Running,20.3,1775.0,188,169,0,2,16,80,2,false
2025-09-11 23:03:16,2025-09-12 23:12:54,UTC-05:00,2025-09-12 09:49:01,2025-09-12 10:32:55,43,Cycling,7.2,249.0,156,116,57,9,0,0,0,false
2025-09-10 22:00:29,2025-09-11 23:03:16,UTC-05:00,2025-09-11 17:06:00,2025-09-11 19:01:09,115,Tennis,10.9,640.0,165,114,55,15,1,0,0,false
2025-09-10 22:00:29,2025-09-11 23:03:16,UTC-05:00,2025-09-11 08:42:00,2025-09-11 09:11:50,29,Running,9.4,318.0,160,141,6,81,8,0,0,false
2025-09-09 22:41:43,2025-09-10 22:00:29,UTC-05:00,2025-09-10 07:08:38,2025-09-10 07:34:21,25,Running,9.6,306.0,166,148,1,73,26,0,0,false
2025-09-08 22:38:21,2025-09-09 22:41:43,UTC-05:00,2025-09-09 08:02:06,2025-09-09 08:30:28,28,Running,10.8,347.0,174,149,15,21,60,4,0,false
2025-09-07 23:00:15,2025-09-08 22:38:21,UTC-05:00,2025-09-08 18:51:00,2025-09-08 20:11:59,80,Tennis,11.2,597.0,166,125,59,27,3,0,0,false
2025-09-07 23:00:15,2025-09-08 22:38:21,UTC-05:00,2025-09-08 15:25:30,2025-09-08 16:07:56,42,Running,10.8,437.0,161,140,5,84,4,0,0,false
2025-09-07 23:00:15,2025-09-08 22:38:21,UTC-05:00,2025-09-08 12:10:30,2025-09-08 12:41:59,31,Walking,5.5,131.0,145,108,61,0,0,0,0,false
2025-09-07 00:28:12,2025-09-07 23:00:15,UTC-05:00,2025-09-07 16:09:00,2025-09-07 16:53:59,44,Tennis,9.3,381.0,163,130,51,38,3,0,0,false
2025-09-04 22:31:34,2025-09-05 23:26:41,UTC-05:00,2025-09-05 16:58:30,2025-09-05 17:57:04,58,Tennis,11.4,531.0,163,133,43,40,14,0,0,false
2025-09-04 22:31:34,2025-09-05 23:26:41,UTC-05:00,2025-09-05 10:00:00,2025-09-05 11:26:24,86,Running,14.9,1006.0,166,146,3,84,13,0,0,false
2025-09-03 23:35:09,2025-09-04 22:31:34,UTC-05:00,2025-09-04 17:00:00,2025-09-04 19:13:29,133,Tennis,11.9,797.0,159,118,72,12,0,0,0,false
2025-09-03 23:35:09,2025-09-04 22:31:34,UTC-05:00,2025-09-04 09:46:30,2025-09-04 10:16:30,29,Running,10.3,310.0,185,140,30,33,16,14,5,false
2025-09-02 22:44:37,2025-09-03 23:35:09,UTC-05:00,2025-09-03 15:18:14,2025-09-03 15:58:14,40,Strength Trainer,14.4,109.0,144,97,28,0,0,0,0,false
2025-09-01 23:18:01,2025-09-02 22:44:37,UTC-05:00,2025-09-02 08:14:30,2025-09-02 08:36:53,22,Running,11.8,317.0,181,159,7,28,9,55,0,false
2025-08-31 23:19:59,2025-09-01 23:18:01,UTC-05:00,2025-09-01 19:13:30,2025-09-01 20:05:59,52,Tennis,8.8,386.0,154,124,72,23,0,0,0,false
2025-08-29 23:37:17,2025-08-31 02:53:58,UTC-05:00,2025-08-30 07:52:30,2025-08-30 09:57:04,124,Running,16.8,1453.0,170,146,2,78,20,0,0,false
2025-08-27 23:51:04,2025-08-28 22:14:15,UTC-05:00,2025-08-28 17:09:00,2025-08-28 17:38:22,29,Tennis,7.6,252.0,154,131,55,43,0,0,0,false
2025-08-27 23:51:04,2025-08-28 22:14:15,UTC-05:00,2025-08-28 08:52:30,2025-08-28 09:30:48,38,Running,13.3,461.0,187,148,29,24,8,19,18,false
2025-08-26 21:55:02,2025-08-27 23:51:04,UTC-05:00,2025-08-27 19:00:00,2025-08-27 20:30:34,90,Activity,9.4,489.0,154,113,62,8,0,0,0,false
2025-08-25 22:26:54,2025-08-26 21:55:02,UTC-05:00,2025-08-26 18:40:30,2025-08-26 19:32:04,51,Tennis,10.4,466.0,166,133,48,44,6,0,0,false
2025-08-25 22:26:54,2025-08-26 21:55:02,UTC-05:00,2025-08-26 08:15:00,2025-08-26 08:48:05,33,Running,14.0,482.0,180,161,2,24,4,66,0,false
2025-08-24 21:51:51,2025-08-25 22:26:54,UTC-05:00,2025-08-25 15:13:38,2025-08-25 16:08:01,54,Strength Trainer,10.6,73.0,117,83,1,0,0,0,0,false
2025-08-23 23:11:20,2025-08-24 21:51:51,UTC-05:00,2025-08-24 18:25:30,2025-08-24 19:25:53,60,Tennis,7.6,308.0,152,111,55,11,0,0,0,false
2025-08-23 23:11:20,2025-08-24 21:51:51,UTC-05:00,2025-08-24 17:39:57,2025-08-24 18:20:43,40,Strength Trainer,13.0,116.0,143,99,28,2,0,0,0,false
2025-08-21 23:45:20,2025-08-22 23:13:48,UTC-05:00,2025-08-22 16:18:00,2025-08-22 16:56:59,38,Strength Trainer,6.1,182.0,142,111,77,0,0,0,0,false
2025-08-21 23:45:20,2025-08-22 23:13:48,UTC-05:00,2025-08-22 10:52:30,2025-08-22 13:23:47,151,Running,18.3,1833.0,181,149,2,58,35,5,0,false
2025-08-20 23:08:18,2025-08-21 23:45:20,UTC-05:00,2025-08-21 18:28:30,2025-08-21 19:05:39,37,Tennis,8.5,326.0,155,131,61,39,0,0,0,false
2025-08-20 23:08:18,2025-08-21 23:45:20,UTC-05:00,2025-08-21 13:24:00,2025-08-21 14:53:48,89,Tennis,13.3,843.0,166,135,47,43,9,0,0,false
2025-08-19 22:33:44,2025-08-20 23:08:18,UTC-05:00,2025-08-20 18:31:30,2025-08-20 19:49:06,77,Tennis,11.4,624.0,161,128,65,31,2,0,0,false
2025-08-19 22:33:44,2025-08-20 23:08:18,UTC-05:00,2025-08-20 17:51:56,2025-08-20 18:18:04,26,Cycling,7.0,207.0,151,126,52,36,0,0,0,false
2025-08-19 22:33:44,2025-08-20 23:08:18,UTC-05:00,2025-08-20 09:09:00,2025-08-20 09:37:21,28,Sprint Training,8.5,237.0,183,129,36,27,7,14,1,false
2025-08-18 23:36:12,2025-08-19 22:33:44,UTC-05:00,2025-08-19 12:51:00,2025-08-19 13:22:36,31,Tennis,8.4,294.0,160,135,42,53,4,0,0,false
2025-08-18 23:36:12,2025-08-19 22:33:44,UTC-05:00,2025-08-19 11:45:54,2025-08-19 12:42:21,56,Strength Trainer,15.0,93.0,120,89,5,0,0,0,0,false
2025-08-17 23:46:40,2025-08-18 23:36:12,UTC-05:00,2025-08-18 17:55:38,2025-08-18 18:52:39,57,Strength Trainer,12.4,90.0,134,85,7,0,0,0,0,false
2025-08-17 00:39:09,2025-08-17 23:46:40,UTC-05:00,2025-08-17 11:02:07,2025-08-17 11:33:56,31,Running,12.9,421.0,181,154,11,18,14,52,0,false
2025-08-16 00:36:07,2025-08-17 00:39:09,UTC-05:00,2025-08-16 17:33:00,2025-08-16 19:04:29,91,Tennis,10.7,607.0,157,121,73,16,0,0,0,false
2025-08-16 00:36:07,2025-08-17 00:39:09,UTC-05:00,2025-08-16 10:31:30,2025-08-16 10:46:29,14,Walking,4.9,78.0,151,113,67,15,0,0,0,false
2025-08-14 23:29:09,2025-08-16 00:36:07,UTC-05:00,2025-08-15 09:19:30,2025-08-15 11:35:05,135,Running,17.5,1607.0,169,147,3,64,33,0,0,false
2025-08-13 22:28:07,2025-08-14 23:29:09,UTC-05:00,2025-08-14 18:27:00,2025-08-14 20:19:29,112,Tennis,12.7,773.0,173,121,49,23,8,0,0,false
2025-08-13 22:28:07,2025-08-14 23:29:09,UTC-05:00,2025-08-14 12:53:01,2025-08-14 14:08:46,75,Strength Trainer,15.1,188.0,142,97,23,0,0,0,0,false
2025-08-12 22:14:14,2025-08-13 22:28:07,UTC-05:00,2025-08-13 17:07:30,2025-08-13 17:58:29,50,Tennis,10.6,477.0,162,134,48,44,8,0,0,false
2025-08-12 22:14:14,2025-08-13 22:28:07,UTC-05:00,2025-08-13 11:40:30,2025-08-13 12:06:43,26,Sprint Training,9.9,287.0,189,143,30,40,7,11,12,false
2025-08-11 23:09:13,2025-08-12 22:14:14,UTC-05:00,2025-08-12 14:24:30,2025-08-12 15:40:12,75,Strength Trainer,10.3,138.0,137,90,11,0,0,0,0,false
2025-08-10 22:30:37,2025-08-11 23:09:13,UTC-05:00,2025-08-11 17:40:30,2025-08-11 18:47:59,67,Tennis,12.3,636.0,167,135,36,50,12,0,0,false
2025-08-10 22:30:37,2025-08-11 23:09:13,UTC-05:00,2025-08-11 14:28:30,2025-08-11 14:59:49,31,Running,13.1,433.0,182,157,5,26,8,58,0,false
2025-08-08 23:09:32,2025-08-09 22:07:36,UTC-05:00,2025-08-09 10:10:30,2025-08-09 10:29:59,19,Running,8.3,213.0,167,142,26,16,58,0,0,false
2025-08-07 22:32:10,2025-08-08 23:09:32,UTC-05:00,2025-08-08 14:27:00,2025-08-08 15:51:19,84,Tennis,12.8,767.0,167,133,55,39,6,0,0,false
2025-08-07 22:32:10,2025-08-08 23:09:32,UTC-05:00,2025-08-08 07:15:00,2025-08-08 08:59:57,104,Running,15.8,1202.0,162,145,6,89,5,0,0,false
2025-08-06 22:57:38,2025-08-07 22:32:10,UTC-05:00,2025-08-07 08:18:40,2025-08-07 09:21:41,63,Strength Trainer,14.4,129.0,142,89,15,0,0,0,0,false
2025-08-05 21:53:42,2025-08-06 22:57:38,UTC-05:00,2025-08-06 16:08:11,2025-08-06 17:05:30,57,Strength Trainer,4.5,94.0,121,89,5,0,0,0,0,false
2025-08-05 21:53:42,2025-08-06 22:57:38,UTC-05:00,2025-08-06 08:33:46,2025-08-06 09:08:10,34,Sprint Training,8.0,236.0,181,118,25,26,6,9,0,false
2025-08-04 22:25:40,2025-08-05 21:53:42,UTC-05:00,2025-08-05 16:48:05,2025-08-05 18:11:57,83,Tennis,12.0,639.0,167,125,43,33,7,0,0,false
2025-08-04 22:25:40,2025-08-05 21:53:42,UTC-05:00,2025-08-05 12:52:30,2025-08-05 13:19:29,26,Walking,5.5,135.0,147,111,64,4,0,0,0,false
2025-08-04 22:25:40,2025-08-05 21:53:42,UTC-05:00,2025-08-05 08:14:45,2025-08-05 09:32:38,77,Strength Trainer,13.0,135.0,125,88,4,0,0,0,0,false
2025-08-03 22:22:38,2025-08-04 22:25:40,UTC-05:00,2025-08-04 17:12:10,2025-08-04 18:23:27,71,Strength Trainer,11.0,144.0,125,87,16,0,0,0,0,false
2025-08-03 22:22:38,2025-08-04 22:25:40,UTC-05:00,2025-08-04 06:48:00,2025-08-04 07:15:12,27,Running,12.8,367.0,184,154,13,23,11,47,3,false
2025-08-01 22:45:44,2025-08-03 00:09:36,UTC-05:00,2025-08-02 08:17:47,2025-08-02 09:59:27,101,Running,15.2,1100.0,162,141,7,86,3,0,0,false
2025-07-31 23:43:43,2025-08-01 22:45:44,UTC-05:00,2025-08-01 17:07:30,2025-08-01 17:58:29,50,Pickleball,8.3,358.0,164,122,87,11,0,0,0,false
2025-07-31 23:43:43,2025-08-01 22:45:44,UTC-05:00,2025-08-01 13:44:23,2025-08-01 14:26:31,42,Yard Work/Gardening,5.7,162.0,128,106,57,0,0,0,0,false
2025-07-31 23:43:43,2025-08-01 22:45:44,UTC-05:00,2025-08-01 08:39:29,2025-08-01 09:38:26,58,Strength Trainer,14.7,90.0,123,84,2,0,0,0,0,false
2025-07-30 22:08:41,2025-07-31 23:43:43,UTC-05:00,2025-07-31 16:37:26,2025-07-31 17:51:22,73,Tennis,8.4,387.0,148,113,62,7,0,0,0,false
2025-07-30 22:08:41,2025-07-31 23:43:43,UTC-05:00,2025-07-31 11:31:40,2025-07-31 11:57:22,25,Sprint Training,8.2,224.0,184,130,41,28,6,12,1,false
2025-07-29 21:45:15,2025-07-30 22:08:41,UTC-05:00,2025-07-30 16:29:01,2025-07-30 17:28:44,59,Strength Trainer,7.7,101.0,135,79,10,0,0,0,0,false
2025-07-29 21:45:15,2025-07-30 22:08:41,UTC-05:00,2025-07-30 13:50:00,2025-07-30 14:15:00,25,Cleaning,4.2,37.0,114,90,1,0,0,0,0,false
2025-07-29 21:45:15,2025-07-30 22:08:41,UTC-05:00,2025-07-30 08:52:43,2025-07-30 09:23:41,30,Running,12.6,383.0,181,150,19,26,5,46,0,false
2025-07-28 22:29:13,2025-07-29 21:45:15,UTC-05:00,2025-07-29 16:48:24,2025-07-29 18:10:26,82,Tennis,9.8,515.0,153,119,71,13,0,0,0,false
2025-07-28 22:29:13,2025-07-29 21:45:15,UTC-05:00,2025-07-29 08:06:22,2025-07-29 09:37:55,91,Running,15.4,1052.0,170,146,4,74,19,0,0,false
2025-07-27 22:26:37,2025-07-28 22:29:13,UTC-05:00,2025-07-28 14:39:20,2025-07-28 15:21:06,41,Strength Trainer,13.0,123.0,147,98,26,2,0,0,0,false
2025-07-27 22:26:37,2025-07-28 22:29:13,UTC-05:00,2025-07-28 07:01:39,2025-07-28 07:19:53,18,Running,5.1,96.0,163,111,57,5,1,0,0,false
2025-07-26 23:01:35,2025-07-27 22:26:37,UTC-05:00,2025-07-27 17:18:17,2025-07-27 18:34:44,76,Pickleball,7.2,318.0,146,105,58,2,0,0,0,false
2025-07-25 22:19:34,2025-07-26 23:01:35,UTC-05:00,2025-07-26 14:33:10,2025-07-26 15:11:13,38,Walking,4.2,61.0,125,84,3,0,0,0,0,false
2025-07-25 22:19:34,2025-07-26 23:01:35,UTC-05:00,2025-07-26 09:58:50,2025-07-26 11:02:47,63,Yard Work/Gardening,7.4,314.0,142,113,75,0,0,0,0,false
2025-07-21 22:57:54,2025-07-22 22:09:58,UTC-05:00,2025-07-22 17:11:29,2025-07-22 18:10:17,58,Tennis,10.5,503.0,159,131,57,38,1,0,0,false
2025-07-21 22:57:54,2025-07-22 22:09:58,UTC-05:00,2025-07-22 17:00:00,2025-07-22 17:11:00,11,Tennis,5.0,74.0,158,121,56,19,2,0,0,false
2025-07-21 22:57:54,2025-07-22 22:09:58,UTC-05:00,2025-07-22 09:35:27,2025-07-22 09:59:56,24,Sprint Training,7.5,193.0,183,126,29,36,4,12,0,false
2025-07-20 22:23:54,2025-07-21 22:57:54,UTC-05:00,2025-07-21 16:20:52,2025-07-21 16:47:42,26,Tennis,7.3,227.0,159,130,45,41,2,0,0,false
2025-07-20 22:23:54,2025-07-21 22:57:54,UTC-05:00,2025-07-21 15:17:28,2025-07-21 16:15:42,58,Strength Trainer,8.7,94.0,126,80,7,0,0,0,0,false
2025-07-20 22:23:54,2025-07-21 22:57:54,UTC-05:00,2025-07-21 08:54:34,2025-07-21 09:23:34,29,Running,11.7,339.0,180,146,23,19,6,43,0,false
2025-07-19 00:07:21,2025-07-20 00:53:23,UTC-05:00,2025-07-19 08:27:48,2025-07-19 13:15:33,287,Golf,5.7,435.0,138,87,4,0,0,0,0,false
2025-07-17 23:14:48,2025-07-19 00:07:21,UTC-05:00,2025-07-18 15:00:26,2025-07-18 19:37:36,277,Golf,8.3,569.0,134,95,17,0,0,0,0,false
2025-07-16 23:03:18,2025-07-17 23:14:48,UTC-05:00,2025-07-17 09:51:54,2025-07-17 11:06:31,74,Running,13.7,801.0,164,141,1,87,5,0,0,false
2025-07-15 22:44:16,2025-07-16 23:03:18,UTC-05:00,2025-07-16 18:50:24,2025-07-16 19:54:52,64,Tennis,11.8,572.0,170,133,38,42,12,0,0,false
2025-07-15 22:44:16,2025-07-16 23:03:18,UTC-05:00,2025-07-16 18:30:27,2025-07-16 18:38:11,7,Tennis,4.7,54.0,161,122,43,32,3,0,0,false
2025-07-15 22:44:16,2025-07-16 23:03:18,UTC-05:00,2025-07-16 08:15:44,2025-07-16 08:35:01,19,Running,7.3,171.0,185,131,22,31,17,11,0,false
2025-07-14 22:12:45,2025-07-15 22:44:16,UTC-05:00,2025-07-15 06:17:40,2025-07-15 07:08:24,50,Strength Trainer,11.5,115.0,137,93,22,0,0,0,0,false
2025-07-13 22:55:13,2025-07-14 22:12:45,UTC-05:00,2025-07-14 17:18:18,2025-07-14 19:02:10,103,Yard Work/Gardening,5.9,223.0,155,94,13,1,0,0,0,false
2025-07-13 22:55:13,2025-07-14 22:12:45,UTC-05:00,2025-07-14 12:32:14,2025-07-14 13:11:40,39,Swimming,6.6,207.0,161,114,60,10,2,0,0,false
2025-07-13 22:55:13,2025-07-14 22:12:45,UTC-05:00,2025-07-14 10:10:43,2025-07-14 10:23:31,12,Walking,4.3,32.0,121,100,9,0,0,0,0,false
2025-07-12 21:38:02,2025-07-13 22:55:13,UTC-05:00,2025-07-13 13:38:02,2025-07-13 16:33:33,175,Golf,6.8,371.0,155,93,12,2,0,0,0,false
2025-07-12 21:38:02,2025-07-13 22:55:13,UTC-05:00,2025-07-13 08:31:23,2025-07-13 08:59:15,27,Running,11.8,330.0,183,147,15,28,8,38,1,false
2025-07-12 01:49:30,2025-07-12 21:38:02,UTC-05:00,2025-07-12 17:16:07,2025-07-12 18:09:24,53,Tennis,12.1,549.0,171,140,23,48,23,0,0,false
2025-07-10 23:16:57,2025-07-12 01:49:30,UTC-05:00,2025-07-11 09:58:04,2025-07-11 11:09:30,71,Running,13.6,758.0,165,141,4,76,11,0,0,false
2025-07-09 23:28:26,2025-07-10 23:16:57,UTC-05:00,2025-07-10 18:15:30,2025-07-10 18:49:19,33,Tennis,12.0,404.0,182,148,3,15,56,13,0,false
2025-07-09 23:28:26,2025-07-10 23:16:57,UTC-05:00,2025-07-10 11:31:12,2025-07-10 14:46:27,195,Golf,6.9,408.0,149,92,14,0,0,0,0,false
2025-07-08 22:34:03,2025-07-09 23:28:26,UTC-05:00,2025-07-09 16:21:55,2025-07-09 16:42:04,20,Yard Work/Gardening,0.0,27.0,105,84,0,0,0,0,0,false
2025-07-08 22:34:03,2025-07-09 23:28:26,UTC-05:00,2025-07-09 11:52:29,2025-07-09 12:21:42,29,Functional Fitness,9.0,65.0,136,95,21,0,0,0,0,false
2025-07-08 22:34:03,2025-07-09 23:28:26,UTC-05:00,2025-07-09 08:26:14,2025-07-09 08:48:58,22,Running,7.7,197.0,195,132,28,40,5,8,3,false
2025-07-07 23:00:03,2025-07-08 22:34:03,UTC-05:00,2025-07-08 17:06:06,2025-07-08 17:55:45,49,Tennis,9.8,401.0,164,129,30,41,8,0,0,false
2025-07-07 23:00:03,2025-07-08 22:34:03,UTC-05:00,2025-07-08 13:21:48,2025-07-08 15:49:32,147,Yard Work/Gardening,5.7,286.0,134,89,13,0,0,0,0,false
2025-07-07 23:00:03,2025-07-08 22:34:03,UTC-05:00,2025-07-08 11:03:05,2025-07-08 11:17:00,13,Tennis,5.2,86.0,164,114,19,35,3,0,0,false
2025-07-06 23:15:59,2025-07-07 23:00:03,UTC-05:00,2025-07-07 17:49:49,2025-07-07 19:00:05,70,Golf,4.3,110.0,130,80,5,0,0,0,0,false
2025-07-06 23:15:59,2025-07-07 23:00:03,UTC-05:00,2025-07-07 11:04:36,2025-07-07 11:31:55,27,Running,10.5,289.0,180,143,44,3,7,33,0,false
2025-07-06 01:56:57,2025-07-06 23:15:59,UTC-05:00,2025-07-06 13:15:16,2025-07-06 13:49:42,34,Functional Fitness,12.2,98.0,140,100,32,0,0,0,0,false
2025-07-03 23:34:29,2025-07-04 23:37:15,UTC-05:00,2025-07-04 11:31:07,2025-07-04 12:35:37,64,Weightlifting,4.3,99.0,123,89,5,0,0,0,0,false
2025-07-02 22:45:50,2025-07-03 23:34:29,UTC-05:00,2025-07-03 18:28:06,2025-07-03 19:42:21,74,Tennis,8.4,387.0,160,111,54,11,0,0,0,false
2025-07-02 22:45:50,2025-07-03 23:34:29,UTC-05:00,2025-07-03 11:53:10,2025-07-03 12:12:25,19,Tennis,5.8,130.0,159,122,52,25,0,0,0,false
2022-02-21 23:20:30,2022-02-22 23:35:13,UTC-06:00,2022-02-22 17:26:11,2022-02-22 17:55:01,28,Running,,38.0,99,81,1,0,0,0,0,false
2022-02-21 23:20:30,2022-02-22 23:35:13,UTC-06:00,2022-02-22 17:25:04,2022-02-22 17:57:37,32,Running,10.2,312.0,165,138,21,8,11,53,0,false
2022-02-21 23:20:30,2022-02-22 23:35:13,UTC-06:00,2022-02-22 17:03:14,2022-02-22 17:24:31,21,Weightlifting,4.3,45.0,126,97,64,2,0,0,0,false
2022-02-20 23:57:14,2022-02-21 23:20:30,UTC-06:00,2022-02-21 15:45:51,2022-02-21 16:33:38,47,Weightlifting,5.6,156.0,144,107,63,26,0,0,0,false
2022-02-20 23:57:14,2022-02-21 23:20:30,UTC-06:00,2022-02-21 06:57:40,2022-02-21 07:54:08,56,Running,4.1,83.0,125,89,13,2,0,0,0,false
2022-02-20 23:57:14,2022-02-21 23:20:30,UTC-06:00,2022-02-21 06:57:40,2022-02-21 07:54:08,56,Running,15.4,710.0,189,154,8,11,30,17,34,false
2022-02-18 00:08:07,2022-02-19 03:46:18,UTC-06:00,2022-02-18 12:44:29,2022-02-18 13:23:17,38,HIIT,7.0,209.0,166,116,24,13,32,5,0,false
2022-02-17 00:20:27,2022-02-18 00:08:07,UTC-06:00,2022-02-17 21:51:18,2022-02-17 22:12:51,21,Running,,29.0,92,74,0,0,0,0,0,false
2022-02-17 00:20:27,2022-02-18 00:08:07,UTC-06:00,2022-02-17 21:53:39,2022-02-17 22:12:33,18,Running,8.7,206.0,167,145,21,5,14,60,0,false
2022-02-16 00:09:13,2022-02-17 00:20:27,UTC-06:00,2022-02-16 18:01:59,2022-02-16 18:42:57,40,Weightlifting,5.9,176.0,144,110,46,40,2,0,0,false
2022-02-13 16:30:29,2022-02-14 23:07:55,UTC-06:00,2022-02-14 12:44:14,2022-02-14 13:48:40,64,Running,16.4,918.0,176,160,1,5,5,89,0,false
2022-02-11 23:40:01,2022-02-13 16:30:29,UTC-06:00,2022-02-12 09:17:23,2022-02-12 10:03:22,45,Running,4.0,66.0,124,87,22,0,0,0,0,false
2022-02-11 23:40:01,2022-02-13 16:30:29,UTC-06:00,2022-02-12 09:17:23,2022-02-12 10:03:22,45,Running,12.8,539.0,183,149,7,3,59,27,4,false
2022-02-07 22:59:49,2022-02-09 00:30:31,UTC-06:00,2022-02-08 20:37:18,2022-02-08 21:17:21,40,Running,11.5,420.0,164,141,16,6,36,38,0,false
2022-02-06 23:56:47,2022-02-07 22:59:49,UTC-06:00,2022-02-07 14:47:40,2022-02-07 15:42:46,55,Running,15.1,709.0,185,156,6,9,20,44,21,false
2022-02-06 00:29:24,2022-02-06 23:56:47,UTC-06:00,2022-02-06 15:34:47,2022-02-06 16:19:11,44,Weightlifting,4.2,68.0,130,98,64,5,0,0,0,false
2022-02-04 01:08:18,2022-02-04 23:23:04,UTC-06:00,2022-02-04 19:33:26,2022-02-04 20:01:59,28,Running,8.7,257.0,163,136,14,4,47,24,0,false
2022-02-01 23:13:29,2022-02-02 22:27:33,UTC-06:00,2022-02-02 06:50:15,2022-02-02 07:48:16,58,Running,15.7,781.0,187,157,4,7,20,45,24,false
2022-01-30 22:01:22,2022-01-31 23:05:10,UTC-06:00,2022-01-31 06:59:29,2022-01-31 07:50:16,50,Running,14.6,619.0,186,151,15,14,18,23,30,false
2022-01-27 23:25:24,2022-01-29 01:39:41,UTC-06:00,2022-01-28 14:32:11,2022-01-28 15:05:33,33,Running,12.7,421.0,182,154,3,8,31,41,15,false
2022-01-26 21:30:25,2022-01-27 23:25:24,UTC-06:00,2022-01-27 17:59:43,2022-01-27 18:32:28,32,Running,9.4,318.0,161,137,17,4,71,5,0,false
2022-01-25 22:48:25,2022-01-26 21:30:25,UTC-06:00,2022-01-26 07:02:22,2022-01-26 07:57:20,54,Running,15.6,760.0,186,159,2,4,28,42,24,false
2022-01-24 21:47:24,2022-01-25 22:48:25,UTC-06:00,2022-01-25 17:10:53,2022-01-25 17:49:32,38,Running,12.2,466.0,174,150,4,5,51,40,0,false
2022-01-23 21:41:46,2022-01-24 21:47:24,UTC-06:00,2022-01-24 06:47:38,2022-01-24 08:17:38,90,Running,15.0,1025.0,170,150,1,3,69,27,0,false
2022-01-20 21:58:08,2022-01-22 00:23:11,UTC-06:00,2022-01-21 07:18:56,2022-01-21 08:02:07,43,Running,14.3,579.0,190,157,5,5,34,30,26,false
2022-01-19 22:37:07,2022-01-20 21:58:08,UTC-06:00,2022-01-20 17:54:20,2022-01-20 18:28:21,34,Weightlifting,4.3,63.0,131,98,58,10,0,0,0,false
2022-01-19 22:37:07,2022-01-20 21:58:08,UTC-06:00,2022-01-20 07:49:29,2022-01-20 08:22:41,33,Running,10.7,383.0,174,151,0,3,46,51,0,false
2022-01-18 21:14:43,2022-01-19 22:37:07,UTC-06:00,2022-01-19 07:14:15,2022-01-19 08:02:53,48,Running,13.7,614.0,190,155,0,8,28,57,7,false
2022-01-17 23:59:36,2022-01-18 21:14:43,UTC-06:00,2022-01-18 07:51:29,2022-01-18 08:25:47,34,Running,10.8,398.0,169,147,0,6,75,19,0,false
2022-01-17 00:44:29,2022-01-17 23:59:36,UTC-06:00,2022-01-17 20:43:32,2022-01-17 21:37:41,54,Weightlifting,4.5,103.0,135,95,30,10,0,0,0,false
2022-01-17 00:44:29,2022-01-17 23:59:36,UTC-06:00,2022-01-17 11:32:03,2022-01-17 12:39:00,66,Running,14.4,752.0,181,148,10,9,26,54,1,false
2022-01-13 23:59:27,2022-01-14 23:09:18,UTC-06:00,2022-01-14 17:07:06,2022-01-14 17:44:14,37,Running,10.8,375.0,178,143,18,4,42,36,0,false
2022-01-13 00:00:33,2022-01-13 23:59:27,UTC-06:00,2022-01-13 12:04:57,2022-01-13 12:44:58,40,Running,10.8,414.0,174,145,9,2,60,29,0,false
2022-01-12 02:46:35,2022-01-13 00:00:33,UTC-06:00,2022-01-12 20:40:30,2022-01-12 21:33:38,53,Running,11.0,474.0,171,136,12,4,65,11,0,false
2022-01-11 00:38:45,2022-01-12 02:46:35,UTC-06:00,2022-01-11 12:25:39,2022-01-11 13:23:06,57,Weightlifting,6.3,210.0,153,109,59,24,6,0,0,false
2022-01-11 00:38:45,2022-01-12 02:46:35,UTC-06:00,2022-01-11 10:06:48,2022-01-11 10:56:48,50,Running,12.2,544.0,176,145,6,4,69,21,0,false
2022-01-06 22:30:00,2022-01-08 01:01:41,UTC-06:00,2022-01-07 09:22:38,2022-01-07 10:06:55,44,Running,12.2,495.0,171,144,7,9,56,26,0,false
2021-11-28 23:21:43,2021-11-29 23:38:59,UTC-06:00,2021-11-29 14:39:18,2021-11-29 15:42:27,63,Weightlifting,4.9,137.0,131,99,57,13,0,0,0,false
2021-11-21 00:13:49,2021-11-21 23:48:57,UTC-06:00,2021-11-21 14:40:21,2021-11-21 15:43:36,63,Activity,9.2,422.0,161,125,26,50,22,2,0,false
2021-11-18 00:16:09,2021-11-18 23:13:20,UTC-06:00,2021-11-18 08:53:32,2021-11-18 10:16:40,83,Running,17.4,1170.0,181,160,0,1,17,76,6,false
2021-11-15 23:37:50,2021-11-16 22:52:10,UTC-06:00,2021-11-16 11:20:39,2021-11-16 11:49:33,28,Weightlifting,5.2,115.0,144,107,41,37,3,0,0,false
2021-11-14 20:59:07,2021-11-15 23:37:50,UTC-06:00,2021-11-15 20:16:22,2021-11-15 20:41:42,25,Running,11.6,347.0,189,159,0,0,13,79,7,false
2021-11-11 22:17:07,2021-11-13 01:38:10,UTC-06:00,2021-11-12 07:25:14,2021-11-12 07:43:40,18,Running,9.5,240.0,186,157,1,2,15,77,4,false
2021-11-10 22:50:51,2021-11-11 22:17:07,UTC-06:00,2021-11-11 08:18:40,2021-11-11 08:58:33,39,Running,15.4,617.0,200,167,0,1,19,35,45,false
2021-11-07 22:25:14,2021-11-08 23:28:33,UTC-06:00,2021-11-08 07:24:20,2021-11-08 07:49:47,25,Running,12.7,374.0,186,163,0,0,5,78,16,false
2021-11-02 23:39:25,2021-11-03 23:05:16,UTC-05:00,2021-11-03 07:07:16,2021-11-03 07:53:43,46,Running,15.7,702.0,190,164,0,0,4,69,27,false
2021-11-01 22:54:02,2021-11-02 23:39:25,UTC-05:00,2021-11-02 13:48:39,2021-11-02 14:59:40,71,Weightlifting,5.5,179.0,140,95,48,9,1,0,0,false
2021-10-31 23:44:28,2021-11-01 22:54:02,UTC-05:00,2021-11-01 18:42:50,2021-11-01 19:05:10,22,Running,11.0,302.0,180,157,1,1,24,69,5,false
2021-10-31 02:33:00,2021-10-31 23:44:28,UTC-05:00,2021-10-31 13:01:53,2021-10-31 14:19:07,77,Activity,9.0,423.0,159,117,35,45,14,0,0,false
2021-10-30 00:26:46,2021-10-31 02:33:00,UTC-05:00,2021-10-30 13:35:41,2021-10-30 13:56:50,21,Running,11.5,298.0,184,160,0,2,13,60,24,false
2021-10-28 00:16:10,2021-10-29 01:52:26,UTC-05:00,2021-10-28 08:30:12,2021-10-28 09:41:06,70,Running,17.1,1011.0,186,160,0,2,8,77,13,false
2021-10-25 23:45:29,2021-10-27 00:11:39,UTC-05:00,2021-10-26 17:41:10,2021-10-26 18:04:28,23,Weightlifting,5.0,96.0,137,107,56,31,0,0,0,false
2021-10-24 23:42:09,2021-10-25 23:45:29,UTC-05:00,2021-10-25 06:58:34,2021-10-25 07:26:11,27,Running,12.2,368.0,188,155,0,6,24,56,13,false
2021-10-22 00:06:13,2021-10-22 23:15:51,UTC-05:00,2021-10-22 09:34:06,2021-10-22 09:58:55,24,Running,12.5,359.0,181,161,0,0,9,80,10,false
2021-10-19 23:23:11,2021-10-20 23:54:43,UTC-05:00,2021-10-20 13:01:55,2021-10-20 13:39:51,37,Running,14.8,553.0,195,161,1,9,11,47,32,false
2021-10-18 00:36:40,2021-10-19 00:37:27,UTC-05:00,2021-10-18 18:29:11,2021-10-18 18:55:56,26,Running,11.8,358.0,184,157,0,1,24,66,8,false
2021-10-15 23:51:47,2021-10-16 23:46:52,UTC-05:00,2021-10-16 18:23:31,2021-10-16 18:49:13,25,Running,12.4,366.0,185,160,0,0,10,71,18,false
2021-10-13 23:08:15,2021-10-14 22:34:59,UTC-05:00,2021-10-14 16:59:46,2021-10-14 17:59:32,59,Running,17.1,910.0,185,165,0,1,5,65,29,false
2021-10-13 23:08:15,2021-10-14 22:34:59,UTC-05:00,2021-10-14 11:06:50,2021-10-14 11:40:20,33,Weightlifting,4.6,75.0,121,94,56,3,0,0,0,false
2021-10-11 23:44:53,2021-10-13 00:21:33,UTC-05:00,2021-10-12 18:06:58,2021-10-12 18:55:33,48,Weightlifting,4.5,94.0,120,92,44,1,0,0,0,false
2021-10-10 23:36:45,2021-10-11 23:44:53,UTC-05:00,2021-10-11 18:38:25,2021-10-11 19:00:54,22,Running,11.2,308.0,178,158,0,0,16,82,1,false
2021-10-10 00:53:20,2021-10-10 23:36:45,UTC-05:00,2021-10-10 18:19:39,2021-10-10 18:52:17,32,Weightlifting,4.5,71.0,133,98,51,18,0,0,0,false
2021-10-08 00:13:34,2021-10-09 00:05:11,UTC-05:00,2021-10-08 18:11:39,2021-10-08 18:35:59,24,Running,10.8,312.0,185,155,2,2,29,60,7,false
2021-10-06 22:18:13,2021-10-08 00:13:34,UTC-05:00,2021-10-07 17:55:59,2021-10-07 19:01:54,65,Weightlifting,4.8,126.0,122,92,46,2,0,0,0,false
2021-10-05 23:23:04,2021-10-06 22:18:13,UTC-05:00,2021-10-06 07:23:17,2021-10-06 07:57:28,34,Running,14.3,517.0,186,164,1,0,6,64,29,false
2021-10-04 22:41:16,2021-10-05 23:23:04,UTC-05:00,2021-10-05 18:36:11,2021-10-05 19:01:55,25,Running,13.0,386.0,189,164,0,1,4,80,15,false
2021-10-01 00:54:55,2021-10-02 02:44:20,UTC-05:00,2021-10-01 06:44:12,2021-10-01 07:07:35,23,Running,10.2,294.0,175,153,1,1,30,68,0,false
2021-09-29 23:20:22,2021-10-01 00:54:55,UTC-05:00,2021-09-30 15:35:09,2021-09-30 16:57:06,81,Weightlifting,4.7,153.0,129,84,18,6,0,0,0,false
2021-09-29 03:53:09,2021-09-29 23:20:22,UTC-05:00,2021-09-29 17:04:02,2021-09-29 18:06:19,62,Running,17.7,982.0,187,168,0,0,4,57,39,false
2021-09-26 23:38:03,2021-09-27 23:17:22,UTC-05:00,2021-09-27 19:11:38,2021-09-27 19:38:43,27,Running,12.6,382.0,188,159,2,5,7,78,8,false
2021-09-26 23:38:03,2021-09-27 23:17:22,UTC-05:00,2021-09-27 16:16:17,2021-09-27 16:49:50,33,Activity,10.4,337.0,177,139,10,31,18,40,1,false
2021-09-26 01:43:11,2021-09-26 23:38:03,UTC-05:00,2021-09-26 18:19:12,2021-09-26 18:44:44,25,Running,12.5,368.0,187,163,0,0,10,63,27,false
2021-09-22 21:01:41,2021-09-24 00:43:42,UTC-05:00,2021-09-23 14:46:13,2021-09-23 15:26:46,40,Walking,5.3,121.0,134,103,89,6,0,0,0,false
2021-09-21 23:43:16,2021-09-22 21:01:41,UTC-05:00,2021-09-22 13:01:51,2021-09-22 14:07:08,65,Weightlifting,5.8,191.0,135,101,54,19,0,0,0,false
2021-09-21 23:43:16,2021-09-22 21:01:41,UTC-05:00,2021-09-22 07:08:41,2021-09-22 07:53:26,44,Running,15.8,672.0,189,164,1,3,16,35,45,false
2021-09-21 00:30:00,2021-09-21 23:43:16,UTC-05:00,2021-09-21 19:16:53,2021-09-21 19:43:58,27,Running,12.7,381.0,189,159,0,10,13,58,19,false
2021-09-21 00:30:00,2021-09-21 23:43:16,UTC-05:00,2021-09-21 18:23:45,2021-09-21 18:55:20,31,Weightlifting,4.2,56.0,122,91,41,2,0,0,0,false
2021-09-19 23:26:01,2021-09-21 00:30:00,UTC-05:00,2021-09-20 07:24:25,2021-09-20 07:50:25,26,Running,12.4,368.0,189,161,1,0,9,74,16,false
2021-09-18 01:51:54,2021-09-19 04:03:51,UTC-05:00,2021-09-18 15:11:45,2021-09-18 15:43:05,31,Activity,12.9,435.0,187,159,0,1,22,68,9,false
2021-09-15 23:00:45,2021-09-17 00:12:30,UTC-05:00,2021-09-16 11:02:47,2021-09-16 11:30:07,27,Weightlifting,4.9,92.0,133,105,63,27,0,0,0,false
2021-09-15 23:00:45,2021-09-17 00:12:30,UTC-05:00,2021-09-16 07:06:33,2021-09-16 07:39:15,32,Running,10.8,347.0,178,140,0,2,61,24,1,false
2021-09-15 02:04:14,2021-09-15 23:00:45,UTC-05:00,2021-09-15 18:31:27,2021-09-15 19:11:29,40,Running,15.0,603.0,187,164,0,0,11,61,28,false
2021-09-13 23:45:29,2021-09-15 02:04:14,UTC-05:00,2021-09-14 14:56:11,2021-09-14 15:50:55,54,Weightlifting,4.3,84.0,117,90,41,0,0,0,0,false
2021-09-12 22:40:56,2021-09-13 23:45:29,UTC-05:00,2021-09-13 19:12:59,2021-09-13 19:38:13,25,Running,12.3,349.0,185,159,1,11,9,69,10,false
2021-09-10 00:21:52,2021-09-11 00:22:57,UTC-05:00,2021-09-10 14:23:16,2021-09-10 14:48:45,25,Running,12.5,371.0,179,163,1,0,2,94,3,false
2021-09-08 23:43:16,2021-09-10 00:21:52,UTC-05:00,2021-09-09 15:42:38,2021-09-09 16:27:38,44,Weightlifting,4.9,107.0,132,103,65,19,0,0,0,false
2021-09-07 23:27:01,2021-09-08 23:43:16,UTC-05:00,2021-09-08 07:07:02,2021-09-08 07:36:57,29,Running,12.2,403.0,183,158,0,0,15,80,5,false
2021-09-05 22:14:27,2021-09-07 00:04:11,UTC-05:00,2021-09-06 09:15:26,2021-09-06 09:40:01,24,Running,12.0,348.0,185,160,1,0,7,88,4,false
2021-09-03 02:28:35,2021-09-04 01:44:13,UTC-05:00,2021-09-03 13:42:14,2021-09-03 14:26:08,43,Activity,11.9,470.0,175,143,0,32,41,27,0,false
2021-09-03 02:28:35,2021-09-04 01:44:13,UTC-05:00,2021-09-03 10:22:56,2021-09-03 10:49:54,26,Running,12.9,389.0,190,161,1,5,9,71,14,false
2021-09-02 00:09:12,2021-09-03 02:28:35,UTC-05:00,2021-09-02 18:28:35,2021-09-02 18:41:28,12,Running,8.2,161.0,182,151,4,17,6,64,9,false
2021-09-02 00:09:12,2021-09-03 02:28:35,UTC-05:00,2021-09-02 16:47:57,2021-09-02 18:19:27,91,Weightlifting,5.2,189.0,132,93,35,7,0,0,0,false
2021-08-29 01:52:06,2021-08-30 02:04:03,UTC-05:00,2021-08-29 13:55:26,2021-08-29 14:38:07,42,Weightlifting,6.0,192.0,145,114,26,55,7,0,0,false
2021-08-28 00:17:40,2021-08-29 01:52:06,UTC-05:00,2021-08-28 13:56:55,2021-08-28 15:07:26,70,Weightlifting,5.1,152.0,153,95,39,6,4,0,0,false
2021-08-25 23:32:12,2021-08-26 23:57:06,UTC-05:00,2021-08-26 21:43:30,2021-08-26 22:15:23,31,Weightlifting,5.5,135.0,150,109,25,40,12,0,0,false
2021-08-24 23:45:22,2021-08-25 23:32:12,UTC-05:00,2021-08-25 15:24:18,2021-08-25 16:04:55,40,Weightlifting,4.5,82.0,143,96,52,8,2,0,0,false
2021-08-22 22:03:44,2021-08-23 23:50:12,UTC-05:00,2021-08-23 15:34:25,2021-08-23 16:26:42,52,Weightlifting,4.4,91.0,117,89,37,0,0,0,0,false
2021-08-22 22:03:44,2021-08-23 23:50:12,UTC-05:00,2021-08-23 12:04:27,2021-08-23 12:20:07,15,Weightlifting,5.2,96.0,149,119,28,53,19,0,0,false
2021-08-19 23:20:15,2021-08-21 01:28:29,UTC-05:00,2021-08-20 16:35:01,2021-08-20 17:09:17,34,Activity,10.5,383.0,166,143,0,9,82,9,0,false
2021-08-18 23:06:04,2021-08-19 23:20:15,UTC-05:00,2021-08-19 20:56:32,2021-08-19 21:41:31,44,Weightlifting,5.7,162.0,146,104,52,25,3,0,0,false
2021-08-17 01:16:15,2021-08-18 01:20:13,UTC-05:00,2021-08-17 10:46:46,2021-08-17 12:23:55,97,Weightlifting,7.1,278.0,174,96,15,6,9,5,0,false
2021-08-16 01:46:21,2021-08-17 01:16:15,UTC-05:00,2021-08-16 11:51:41,2021-08-16 12:23:16,31,Weightlifting,4.8,92.0,153,106,44,31,5,0,0,false
2021-08-03 00:43:19,2021-08-04 02:27:06,UTC-05:00,2021-08-03 08:51:31,2021-08-03 09:25:30,33,Running,13.7,451.0,197,155,10,6,14,31,39,false
2021-08-02 01:40:35,2021-08-03 00:43:19,UTC-05:00,2021-08-02 19:28:08,2021-08-02 19:47:15,19,Functional Fitness,10.1,254.0,181,157,1,1,13,80,4,false
2021-07-31 02:11:21,2021-08-01 02:38:28,UTC-05:00,2021-07-31 14:15:43,2021-07-31 14:56:14,40,Weightlifting,5.7,167.0,140,117,32,62,6,0,0,false
2021-07-30 00:32:47,2021-07-31 02:11:21,UTC-05:00,2021-07-30 14:58:54,2021-07-30 15:24:42,25,Weightlifting,4.7,79.0,138,106,54,31,1,0,0,false
2021-07-29 01:50:45,2021-07-30 00:32:47,UTC-05:00,2021-07-29 12:12:57,2021-07-29 12:44:10,31,Running,11.7,361.0,184,147,2,33,12,42,11,false
2021-07-27 23:42:44,2021-07-29 01:50:45,UTC-05:00,2021-07-28 11:04:54,2021-07-28 11:27:21,22,Running,11.7,294.0,191,154,11,8,9,33,39,false
2021-07-27 00:14:03,2021-07-27 23:42:44,UTC-05:00,2021-07-27 12:25:57,2021-07-27 14:00:05,94,Weightlifting,6.0,229.0,134,99,63,9,0,0,0,false
2021-07-27 00:14:03,2021-07-27 23:42:44,UTC-05:00,2021-07-27 08:06:35,2021-07-27 08:32:36,26,Running,11.9,325.0,188,152,15,6,6,59,14,false
2021-07-21 00:37:21,2021-07-22 00:54:09,UTC-05:00,2021-07-21 20:24:19,2021-07-21 21:34:13,69,Weightlifting,4.2,105.0,132,97,60,8,0,0,0,false
2021-07-20 01:36:27,2021-07-21 00:37:21,UTC-05:00,2021-07-20 22:26:24,2021-07-20 23:01:55,35,Weightlifting,6.1,172.0,153,116,38,34,21,0,0,false
